location,routeName,lat,lon
Bến xe Gia Lâm,S01_1,21.0485414,105.8789776
Ngô Gia Khảm,S01_1,21.0482146,105.8766036
Ngọc Lâm,S01_1,21.0507862,105.8846737
Nguyễn Văn Cừ,S01_1,21.0541322,105.8856779
Cầu Chương Dương,S01_1,21.0375961,105.860363
Trần Nhật Duật,S01_1,21.0375961,105.860363
Yên Phụ,S01_1,21.2208344,105.7344265
quay đầu tại điểm trung chuyển Long Biên – Yên Phụ,S01_1,,
Hàng Đậu – Hàng Than – Quán Thánh,S01_1,,
Hàng Cót,S01_1,,
Hàng Gà,S01_1,21.0354958,105.8470494
Hàng Điếu,S01_1,21.0328143,105.846922
Đường Thành,S01_1,21.1367404,105.4194039
Phủ Doãn,S01_1,21.0283693,105.8469973
Triệu Quốc Đạt,S01_1,21.0264581,105.847602
Hai Bà Trưng,S01_1,21.013109,105.8517903
Lê Duẩn,S01_1,21.0141054,105.8413865
Khâm Thiên,S01_1,21.0185213,105.8389325
Ô Chợ Dừa,S01_1,21.0235614,105.8267102
Nguyễn Lương Bằng,S01_1,21.0159933,105.8284601
Tây Sơn – Cầu vượt Ngã tư Sở,S01_1,,
Nguyễn Trãi,S01_1,20.9727763,105.7815108
Trần Phú (Hà Đông),S01_1,20.976617,105.783598
Quang Trung (Hà Đông),S01_1,20.972467,105.7773312
Ba La,S01_1,20.9041699,105.5876793
Quốc lộ 6,S01_1,20.9290228,105.6815054
Bến xe Yên Nghĩa,S01_1,20.9500695,105.7472806
Bến xe Yên Nghĩa,S01_2,20.9500695,105.7472806
Quốc lộ 6,S01_2,20.9290228,105.6815054
Ba La,S01_2,20.9041699,105.5876793
Quang Trung (Hà Đông),S01_2,20.972467,105.7773312
Trần Phú (Hà Đông),S01_2,20.976617,105.783598
Nguyễn Trãi,S01_2,20.9727763,105.7815108
Ngã tư Sở,S01_2,21.0029772,105.8202406
Tây Sơn,S01_2,21.1410048,105.505651
Nguyễn Lương Bằng,S01_2,21.0159933,105.8284601
Khâm Thiên,S01_2,21.0185213,105.8389325
Nguyễn Thượng Hiền,S01_2,21.1410048,105.505651
Trần Bình Trọng,S01_2,21.01815,105.8438231
Trần Hưng Đạo – Quảng trường 1,S01_2,,
5,S01_2,10.8643598,106.7998835
Quán Sứ,S01_2,10.8643598,106.7998835
Ngõ Trạm,S01_2,21.0306946,105.8455657
Đường Thành,S01_2,21.1367404,105.4194039
Phùng Hưng,S01_2,20.9633082,105.7964527
Lê Văn Linh,S01_2,21.0374754,105.845784
Phùng Hưng (đường trong),S01_2,,
Phan Đình Phùng,S01_2,21.0417484,105.8356303
Hàng Đậu,S01_2,21.0405266,105.8490852
Trần Nhật Duật,S01_2,21.0375961,105.860363
Cầu Chương Dương,S01_2,21.0375961,105.860363
Nguyễn Văn Cừ,S01_2,21.0541322,105.8856779
Nguyễn Sơn,S01_2,21.0369497,105.8989779
Ngọc Lâm,S01_2,21.0507862,105.8846737
Ngô Gia Khảm,S01_2,21.0482146,105.8766036
Bến xe Gia Lâm,S01_2,21.0485414,105.8789776
Bến xe Yên Nghĩa,S02TC_1,20.9500695,105.7472806
Quang Trung,S02TC_1,21.0208142,105.6091766
Trần Phú,S02TC_1,20.8327858,105.6707384
Nguyễn Trãi,S02TC_1,20.9727763,105.7815108
Trường Chinh,S02TC_1,21.0447918,105.7883504
Đại La,S02TC_1,20.9964989,105.8469589
Minh Khai,S02TC_1,21.0479764,105.7448067
cầu Vĩnh Tuy,S02TC_1,21.0132594,105.8851492
Đàm Quang Trung,S02TC_1,21.0282214,105.8974766
Nguyễn Văn Linh,S02TC_1,21.0383968,105.8991875
Lý Sơn,S02TC_1,21.3333789,105.8346496
cầu Đông Trù,S02TC_1,21.0721356,105.8774005
Trường Sa,S02TC_1,21.1114383,105.846503
Trung tâm triển lãm Việt Nam,S02TC_1,21.0864312,105.8629828
Trung tâm triển lãm Việt Nam,S02TC_2,21.0864312,105.8629828
Trường Sa,S02TC_2,21.1114383,105.846503
cầu Đông Trù,S02TC_2,21.0721356,105.8774005
Lý Sơn,S02TC_2,21.3333789,105.8346496
Nguyễn Văn Linh,S02TC_2,21.0383968,105.8991875
Đàm Quang Trung,S02TC_2,21.0282214,105.8974766
cầu Vĩnh Tuy,S02TC_2,21.0132594,105.8851492
Minh Khai,S02TC_2,21.0479764,105.7448067
Đại La,S02TC_2,20.9964989,105.8469589
Trường Chinh,S02TC_2,21.0447918,105.7883504
ngã tư Sở,S02TC_2,21.0029772,105.8202406
Nguyễn Trãi,S02TC_2,20.9727763,105.7815108
Trần Phú,S02TC_2,20.8327858,105.6707384
Quang Trung,S02TC_2,21.0208142,105.6091766
Bến xe Yên Nghĩa,S02TC_2,20.9500695,105.7472806
Bến xe Giáp Bát,S03A_1,20.9802359,105.8419987
Giải Phóng,S03A_1,20.9705226,105.8409731
Lê Duẩn,S03A_1,21.0141054,105.8413865
Trần Nhân Tông,S03A_1,21.0171492,105.8473932
Trần Bình Trọng,S03A_1,21.01815,105.8438231
Trần Hưng Đạo,S03A_1,21.0207798,105.8439367
Trần Khánh Dư,S03A_1,21.0200801,105.8617023
Trần Quang Khải,S03A_1,21.0315748,105.8566532
Trần Nhật Duật,S03A_1,21.0375961,105.860363
Long Biên (Điểm quay đầu trước phố Hàng Khoai),S03A_1,,
Trần Nhật Duật,S03A_1,21.0375961,105.860363
Cầu Chương Dương,S03A_1,21.0375961,105.860363
Nguyễn Văn Cừ,S03A_1,21.0541322,105.8856779
Nguyễn Sơn,S03A_1,21.0369497,105.8989779
Ngọc Lâm,S03A_1,21.0507862,105.8846737
Ngô Gia Khảm,S03A_1,21.0482146,105.8766036
Bến xe Gia Lâm.,S03A_1,21.0485414,105.8789776
Bến xe Gia Lâm,S03A_2,21.0485414,105.8789776
Ngô Gia Khảm,S03A_2,21.0482146,105.8766036
Ngọc Lâm,S03A_2,21.0507862,105.8846737
Nguyễn Văn Cừ,S03A_2,21.0541322,105.8856779
Cầu Chương Dương,S03A_2,21.0375961,105.860363
Trần Nhật Duật,S03A_2,21.0375961,105.860363
Long Biên (Điểm quay đầu trước phố Hàng Khoai),S03A_2,,
Trần Nhật Duật,S03A_2,21.0375961,105.860363
Trần Quang Khải,S03A_2,21.0315748,105.8566532
Trần Khánh Dư,S03A_2,21.0200801,105.8617023
Trần Hưng Đạo,S03A_2,21.0207798,105.8439367
Quang Trung,S03A_2,21.0208142,105.6091766
Lý Thường Kiệt,S03A_2,20.9630163,105.7665612
Lê Duẩn,S03A_2,21.0141054,105.8413865
Giải Phóng,S03A_2,20.9705226,105.8409731
Ngã 3 Đuôi Cá,S03A_2,,
Bến xe Giáp Bát.,S03A_2,20.9802359,105.8419987
Chiều đi: Bến xe Nước Ngầm,S03B_1,,
Giải Phóng,S03B_1,20.9705226,105.8409731
Bến xe Giáp Bát,S03B_1,20.9802359,105.8419987
Giải Phóng,S03B_1,20.9705226,105.8409731
Đại La,S03B_1,20.9964989,105.8469589
Minh Khai,S03B_1,21.0479764,105.7448067
Cầu Vĩnh Tuy,S03B_1,21.0132594,105.8851492
Đàm Quang Trung,S03B_1,21.0282214,105.8974766
Chu Huy Mân,S03B_1,21.0501264,105.9168162
Nguyễn Lam,S03B_1,21.0437721,105.900757
Vũ Đức Thận,S03B_1,21.0437721,105.900757
Việt Hưng,S03B_1,21.0648057,105.9040091
Đào Hinh,S03B_1,21.0520711,105.899416
Việt Hưng,S03B_1,21.0648057,105.9040091
Ngô Viết Thụ,S03B_1,21.0578894,105.9055771
Bùi Thiện Ngộ,S03B_1,21.0575029,105.9068314
Lưu Khánh Đàm,S03B_1,21.0598475,105.9116839
Phúc Lợi,S03B_1,21.0422926,105.9184031
Giang Biên,S03B_1,20.9253776,105.7276378
Chiều về: Giang Biên,S03B_2,,
Phúc Lợi,S03B_2,21.0422926,105.9184031
Lưu Khánh Đàm,S03B_2,21.0598475,105.9116839
Bùi Thiện Ngộ,S03B_2,21.0575029,105.9068314
Ngô Viết Thụ,S03B_2,21.0578894,105.9055771
Việt Hưng,S03B_2,21.0648057,105.9040091
Đào Hinh,S03B_2,21.0520711,105.899416
Việt Hưng,S03B_2,21.0648057,105.9040091
Vũ Đức Thận,S03B_2,21.0437721,105.900757
Nguyễn Lam,S03B_2,21.0437721,105.900757
Chu Huy Mân,S03B_2,21.0501264,105.9168162
Đàm Quang Trung,S03B_2,21.0282214,105.8974766
cầu Vĩnh Tuy,S03B_2,21.0132594,105.8851492
Minh Khai,S03B_2,21.0479764,105.7448067
Đại La,S03B_2,20.9964989,105.8469589
Trường Chinh,S03B_2,21.0447918,105.7883504
Giải Phóng,S03B_2,20.9705226,105.8409731
Ngọc Hồi,S03B_2,20.9233689,105.8426967
Bến xe Nước Ngầm.,S03B_2,20.9647577,105.8422383
Long Biên (điểm đỗ trong làn đường dành riêng cho xe buýt),S04_1,,
quay đầu tại đối diện phố Hàng Than,S04_1,,
Yên Phụ,S04_1,21.2208344,105.7344265
Điểm trung chuyển Long Biên,S04_1,21.0413663,105.849467
Trần Nhật Duật,S04_1,21.0375961,105.860363
Nguyễn Hữu Huân,S04_1,21.0329823,105.8544642
Lý Thái Tổ,S04_1,21.0296181,105.8553808
Ngô Quyền,S04_1,21.1430752,105.5005122
Hai Bà Trưng,S04_1,21.013109,105.8517903
Lê Thánh Tông,S04_1,21.0220204,105.85776
Trần Thánh Tông,S04_1,21.0160866,105.8594204
Tăng Bạt Hổ,S04_1,21.0184037,105.8585878
Yecxanh,S04_1,,
Lò Đúc,S04_1,21.0119284,105.8588031
Kim Ngưu,S04_1,20.9913679,105.8628087
cầu Mai Động,S04_1,20.9964471,105.8622119
Tam Trinh,S04_1,20.9639031,105.8645723
Đường Lĩnh Nam,S04_1,20.9812127,105.8816161
Đường dẫn cầu Thanh Trì,S04_1,20.8227694,105.7964034
Pháp Vân,S04_1,20.9656642,105.8437919
Rẽ trái tại nút giao đường vành đai 3 và đường Ngọc Hồi (gần bến xe Nước Ngầm),S04_1,,
Ngọc Hồi,S04_1,20.9233689,105.8426967
Ngõ 15 đường Ngọc Hồi,S04_1,20.9611033,105.8433622
Trần Thủ Độ,S04_1,20.9611033,105.8433622
Nguyễn Bồ,S04_1,21.0481261,105.8759004
Bệnh viện Nội tiết Trung ương cơ sở 2,S04_1,20.9524643,105.8498265
Bệnh viện Nội tiết trung Ương (Cơ sở 2),S04_2,20.9524643,105.8498265
Nguyễn Bồ,S04_2,21.0481261,105.8759004
Trần Thủ Độ,S04_2,20.9611033,105.8433622
Ngõ 15 đường Ngọc Hồi,S04_2,20.9611033,105.8433622
Ngọc Hồi,S04_2,20.9233689,105.8426967
Pháp Vân,S04_2,20.9656642,105.8437919
Đường dẫn cầu Thanh Trì,S04_2,20.8227694,105.7964034
Đường Lĩnh Nam,S04_2,20.9812127,105.8816161
Nguyễn Tam Trinh,S04_2,,
Kim Ngưu,S04_2,20.9913679,105.8628087
Lò Đúc,S04_2,21.0119284,105.8588031
YecXanh,S04_2,,
Trần Thánh Tông,S04_2,21.0160866,105.8594204
Lê Thánh Tông,S04_2,21.0220204,105.85776
Lý Thái Tổ,S04_2,21.0296181,105.8553808
Ngô Quyền,S04_2,21.1430752,105.5005122
Hàng Vôi,S04_2,21.0301831,105.8563219
Hàng Tre,S04_2,21.0331758,105.8551416
Hàng Muối,S04_2,21.0347069,105.85475
Trần Nhật Duật,S04_2,21.0375961,105.860363
Điểm trung chuyển Long Biên,S04_2,21.0413663,105.849467
Yên Phụ,S04_2,21.2208344,105.7344265
Long Biên (Yên Phụ,S04_2,21.0414236,105.8492368
đoạn Hàng Than đến Hòe Nhai),S04_2,,
Mai Động (bãi đỗ xe Đền Lừ),S05_1,,
Tân Mai,S05_1,20.9831197,105.8487776
Trương Định,S05_1,21.0369867,105.8357925
Giải Phóng,S05_1,20.9705226,105.8409731
Nguyễn Hữu Thọ,S05_1,20.9689294,105.8287408
Nghiêm Xuân Yêm,S05_1,20.9689977,105.829234
Kim Giang,S05_1,20.9837777,105.8125174
Khương Đình,S05_1,20.9906989,105.8145889
Nguyễn Trãi,S05_1,20.9727763,105.7815108
Vũ Trọng Phụng,S05_1,20.997331,105.8098314
Ngụy Như Kon Tum,S05_1,21.0026865,105.8059412
Hoàng Đạo Thúy,S05_1,21.0104232,105.7993878
Trần Duy Hưng,S05_1,21.005215,105.7988957
Nguyễn Chánh,S05_1,21.0077439,105.7957821
Mạc Thái Tông,S05_1,21.0129612,105.7938528
Trung Kính,S05_1,21.0150433,105.793436
Phạm Văn Bạch,S05_1,21.0239926,105.7896857
Tôn Thất Thuyết,S05_1,21.0269505,105.7842664
Nguyễn Hoàng,S05_1,21.0718132,105.8060468
Hàm Nghi,S05_1,21.0344437,105.7663826
Nguyễn Cơ Thạch,S05_1,21.0314127,105.761924
Hồ Tùng Mậu,S05_1,21.0387676,105.770769
Cầu Diễn,S05_1,21.0412207,105.7626912
Phú Diễn,S05_1,21.0439219,105.7552704
Đại học Tài nguyên và Môi trường,S05_1,,
Đại học Tài nguyên và Môi trường,S05_2,,
Phú Diễn,S05_2,21.0439219,105.7552704
Cầu Diễn,S05_2,21.0412207,105.7626912
Hồ Tùng Mậu,S05_2,21.0387676,105.770769
Nguyễn Cơ Thạch,S05_2,21.0314127,105.761924
Hàm Nghi,S05_2,21.0344437,105.7663826
Nguyễn Hoàng,S05_2,21.0718132,105.8060468
Tôn Thất Thuyết,S05_2,21.0269505,105.7842664
Phạm Văn Bạch,S05_2,21.0239926,105.7896857
Trung Kính – Mạc Thái Tông,S05_2,,
Nguyễn Chánh,S05_2,21.0077439,105.7957821
Trần Duy Hưng,S05_2,21.005215,105.7988957
Hoàng Đạo Thúy,S05_2,21.0104232,105.7993878
Ngụy Như Kon Tum,S05_2,21.0026865,105.8059412
Vũ Trọng Phụng,S05_2,20.997331,105.8098314
Nguyễn Trãi,S05_2,20.9727763,105.7815108
Khương Đình,S05_2,20.9906989,105.8145889
Kim Giang,S05_2,20.9837777,105.8125174
Nghiêm Xuân Yêm,S05_2,20.9689977,105.829234
Nguyễn Hữu Thọ,S05_2,20.9689294,105.8287408
Giải Phóng,S05_2,20.9705226,105.8409731
Trương Định,S05_2,21.0369867,105.8357925
Tân Mai,S05_2,20.9831197,105.8487776
Mai Động (bãi đỗ xe Đền Lừ),S05_2,,
Bến xe Giáp Bát,S06A_1,20.9802359,105.8419987
Rẽ Giải Phóng,S06A_1,,
Ngọc Hồi,S06A_1,20.9233689,105.8426967
Quốc Lộ 1,S06A_1,20.7076429,105.9105793
Liên Ninh,S06A_1,20.9071773,105.8565293
Quán Gánh,S06A_1,,
Thị trấn Thường Tín,S06A_1,20.8699659,105.8634359
Tía,S06A_1,20.8015235,105.8844708
Đỗ Xá,S06A_1,21.2843846,105.3739517
Nghệ,S06A_1,21.0112161,105.5361998
Thị trấn Phú Xuyên,S06A_1,20.7376511,105.9134045
Guột,S06A_1,20.7213227,105.9119233
Cầu Giẽ (bãi xe khu vực ngã 3 đường nối thông giữa QL1A và đường 75),S06A_1,,
Cầu Giẽ (bãi xe khu vực ngã 3 đường nối thông giữa QL1A và đường 75),S06A_2,,
Quốc Lộ 1A,S06A_2,21.0967502,105.9283829
Guột,S06A_2,20.7213227,105.9119233
Thị trấn Phú Xuyên,S06A_2,20.7376511,105.9134045
Nghệ,S06A_2,21.0112161,105.5361998
Đỗ Xá,S06A_2,21.2843846,105.3739517
Tía,S06A_2,20.8015235,105.8844708
Thị trấn Thường Tín,S06A_2,20.8699659,105.8634359
Quán Gánh,S06A_2,,
Liên Ninh,S06A_2,20.9071773,105.8565293
Ngọc Hồi,S06A_2,20.9233689,105.8426967
Giải Phóng,S06A_2,20.9705226,105.8409731
Bến xe Giáp Bát.,S06A_2,20.9802359,105.8419987
Bến xe Giáp Bát,S06B_1,20.9802359,105.8419987
Giải Phóng,S06B_1,20.9705226,105.8409731
Ngọc Hồi,S06B_1,20.9233689,105.8426967
Thường Tín,S06B_1,20.8719979,105.86414
đường 427,S06B_1,20.8706726,105.828125
đê Sông Hồng,S06B_1,21.1123844,105.7207401
"Hồng Vân (thôn Cẩm Cơ, xã Hồng Vân, Thường Tín)",S06B_1,,
"Hồng Vân (thôn Cẩm Cơ, xã Hồng Vân, Thường Tín)",S06B_2,,
đê Sông Hồng,S06B_2,21.1123844,105.7207401
đường 427,S06B_2,20.8706726,105.828125
Thường Tín,S06B_2,20.8719979,105.86414
Ngọc Hồi,S06B_2,20.9233689,105.8426967
Giải Phóng,S06B_2,20.9705226,105.8409731
Bến xe Giáp Bát,S06B_2,20.9802359,105.8419987
Bến xe Giáp Bát,S06C_1,20.9802359,105.8419987
Rẽ Giải Phóng,S06C_1,,
Ngọc Hồi,S06C_1,20.9233689,105.8426967
Thường Tín,S06C_1,20.8719979,105.86414
Tía,S06C_1,20.8015235,105.8844708
Ngã ba Đỗ Xá,S06C_1,21.027321,105.643639
đường 429 (phía Đông),S06C_1,,
Phú Minh (Phú Xuyên,S06C_1,21.2322823,105.4279692
Công ty Việt Tuyến).,S06C_1,,
Phú Minh (Phú Xuyên,S06C_2,21.2322823,105.4279692
Công ty Việt Tuyến),S06C_2,,
đường 429 (phía Đông),S06C_2,,
Ngã ba Đỗ Xá,S06C_2,21.027321,105.643639
Tía,S06C_2,20.8015235,105.8844708
Thường Tín,S06C_2,20.8719979,105.86414
Ngọc Hồi,S06C_2,20.9233689,105.8426967
Giải Phóng,S06C_2,20.9705226,105.8409731
Bến xe Giáp Bát.,S06C_2,20.9802359,105.8419987
Bến xe Giáp Bát,S06D_1,20.9802359,105.8419987
Rẽ Giải Phóng,S06D_1,,
Ngọc Hồi,S06D_1,20.9233689,105.8426967
Thường Tín,S06D_1,20.8719979,105.86414
Tía,S06D_1,20.8015235,105.8844708
Quốc lộ 1,S06D_1,20.7076429,105.9105793
"Rẽ phải vào đường trục huyện Thao Chính, Tân Dân",S06D_1,,
"Tân Dân (đối diện cổng thông Đại Nghiệp, xã Tân Dân, huyện Phú Xuyên)",S06D_1,,
"Tân Dân (đối diện cổng thông Đại Nghiệp, xã Tân Dân, huyện Phú Xuyên)",S06D_2,,
"Đường trục huyện Thao Chính, Tân Dân",S06D_2,,
Quốc lộ 1,S06D_2,20.7076429,105.9105793
Tía,S06D_2,20.8015235,105.8844708
Thường Tín,S06D_2,20.8719979,105.86414
Ngọc Hồi,S06D_2,20.9233689,105.8426967
Giải Phóng,S06D_2,20.9705226,105.8409731
Bến xe Giáp Bát.,S06D_2,20.9802359,105.8419987
Bến xe Giáp Bát,S06E_1,20.9802359,105.8419987
Rẽ Giải Phóng,S06E_1,,
Ngọc Hồi,S06E_1,20.9233689,105.8426967
Thường Tín,S06E_1,20.8719979,105.86414
Tía,S06E_1,20.8015235,105.8844708
đường 429 (phía Tây),S06E_1,,
"Rẽ trái đường trục huyện Phú Túc, Hoàng Long",S06E_1,,
Phú Túc (cạnh nhà văn hóa thôn Lưu Đông),S06E_1,,
Phú Túc (cạnh nhà văn hóa thôn Lưu Đông),S06E_2,,
"Đường trục huyện Phú Túc, Hoàng Long",S06E_2,,
Đường 429 (phía Tây),S06E_2,,
Tía,S06E_2,20.8015235,105.8844708
Thường Tín,S06E_2,20.8719979,105.86414
Ngọc Hồi,S06E_2,20.9233689,105.8426967
Giải Phóng,S06E_2,20.9705226,105.8409731
Bến xe Giáp Bát.,S06E_2,20.9802359,105.8419987
Bãi đỗ xe Cầu Giấy,S07_1,21.0456221,105.8012264
Cầu Giấy,S07_1,21.0310271,105.7881335
Điểm trung chuyển Cầu Giấy (hè trước tường rào vườn thú Hà Nội),S07_1,,
Cầu Giấy,S07_1,21.0310271,105.7881335
Nguyễn Văn Huyên,S07_1,21.038326,105.7978038
cầu vượt Nguyễn Văn Huyên,S07_1,21.0461946,105.7976404
Xuân Tảo,S07_1,21.2376486,105.9257244
Hoàng Minh Thảo,S07_1,21.06247,105.8008602
đường ven công viên Hòa Bình,S07_1,,
Đỗ Nhuận,S07_1,21.0682929,105.7874247
Phạm Văn Đồng,S07_1,21.0654691,105.7849246
Cầu Thăng Long,S07_1,21.1012362,105.7867927
Võ Văn Kiệt,S07_1,21.1341757,105.7785848
Đường dưới cầu vượt Kim Chung,S07_1,,
Võ Văn Kiệt,S07_1,21.1341757,105.7785848
quay đầu tại điểm mở (đối diện Công ty dịch vụ hàng hóa Hàng Không,S07_1,,
ACS),S07_1,,
Võ Văn Kiệt,S07_1,21.1341757,105.7785848
"Sân bay Nội Bài (điểm đỗ xe buýt, nhà ga T1)",S07_1,,
"Sân bay Nội Bài (điểm đỗ xe buýt, nhà ga T1)",S07_2,,
Võ Văn Kiệt,S07_2,21.1341757,105.7785848
"đường vào sân đỗ nhà ga T2, Sân bay Nội Bài",S07_2,,
điểm dừng xe buýt đón trả khách (sân đỗ xe nhà ga T2),S07_2,,
Võ Văn Kiệt,S07_2,21.1341757,105.7785848
Đường dưới cầu vượt Kim Chung,S07_2,,
Võ Văn Kiệt,S07_2,21.1341757,105.7785848
Cầu Thăng Long,S07_2,21.1012362,105.7867927
Phạm Văn Đồng,S07_2,21.0654691,105.7849246
Đỗ Nhuận,S07_2,21.0682929,105.7874247
đường ven công viên Hòa Bình,S07_2,,
Hoàng Minh Thảo,S07_2,21.06247,105.8008602
Xuân Tảo,S07_2,21.2376486,105.9257244
cầu vượt Nguyễn Văn Huyên,S07_2,21.0461946,105.7976404
Nguyễn Văn Huyên,S07_2,21.038326,105.7978038
Nguyễn Khánh Toàn,S07_2,21.0383475,105.8002309
Trần Đăng Ninh,S07_2,20.9646761,105.7691528
Cầu Giấy,S07_2,21.0310271,105.7881335
Điểm trung chuyển Cầu Giấy (hè trước tường rào Trường ĐH GTVT),S07_2,,
Cầu Giấy (đường dưới),S07_2,,
Bãi đỗ xe Cầu Giấy.,S07_2,21.0456221,105.8012264
Long Biên,S08A_1,21.0398713,105.8500216
Yên Phụ,S08A_1,21.2208344,105.7344265
Điểm trung chuyển Long Biên,S08A_1,21.0413663,105.849467
Trần Nhật Duật,S08A_1,21.0375961,105.860363
Nguyễn Hữu Huân,S08A_1,21.0329823,105.8544642
Lý Thái Tổ,S08A_1,21.0296181,105.8553808
Ngô Quyền,S08A_1,21.1430752,105.5005122
Lý Thường Kiệt,S08A_1,20.9630163,105.7665612
Bà Triệu,S08A_1,21.0127276,105.8483535
Lê Đại Hành,S08A_1,21.0116945,105.8494932
Bạch Mai,S08A_1,21.0027037,105.8516077
Lê Thanh Nghị,S08A_1,21.00338,105.8493399
Trần Đại Nghĩa,S08A_1,21.0063852,105.8419795
Đại La,S08A_1,20.9964989,105.8469589
Giải Phóng,S08A_1,20.9705226,105.8409731
Đường Ngọc Hồi,S08A_1,20.9297847,105.8479501
Ngũ Hiệp,S08A_1,20.9274942,105.8546601
Đông Mỹ,S08A_1,20.9175973,105.873665
Đông Mỹ,S08A_2,20.9175973,105.873665
Ngũ Hiệp,S08A_2,20.9274942,105.8546601
Đường Ngọc Hồi,S08A_2,20.9297847,105.8479501
Giải Phóng,S08A_2,20.9705226,105.8409731
Quảng trường Bến xe Giáp Bát,S08A_2,,
Giải Phóng,S08A_2,20.9705226,105.8409731
Trường Chinh,S08A_2,21.0447918,105.7883504
Đại La,S08A_2,20.9964989,105.8469589
Trần Đại Nghĩa,S08A_2,21.0063852,105.8419795
Lê Thanh Nghị,S08A_2,21.00338,105.8493399
Bạch Mai,S08A_2,21.0027037,105.8516077
Phố Huế,S08A_2,21.0175725,105.8514315
Hàng Bài,S08A_2,21.2190579,105.8044681
Đinh Tiên Hoàng,S08A_2,20.9707819,105.7803187
Trần Nguyên Hãn,S08A_2,21.0288744,105.854614
Ngô Quyền,S08A_2,21.1430752,105.5005122
Hàng Tre,S08A_2,21.0331758,105.8551416
Hàng Muối,S08A_2,21.0347069,105.85475
Trần Nhật Duật,S08A_2,21.0375961,105.860363
Điểm trung chuyển Long Biên,S08A_2,21.0413663,105.849467
Yên Phụ,S08A_2,21.2208344,105.7344265
Long Biên,S08A_2,21.0398713,105.8500216
Long Biên (Yên Phụ,S08B_1,21.0414236,105.8492368
đoạn từ Hàng Than đến Hòe Nhai ),S08B_1,,
Quay đầu tại đối diện phố Hàng Than,S08B_1,,
Yên Phụ,S08B_1,21.2208344,105.7344265
Điểm trung chuyển xe buýt Long Biên,S08B_1,,
Trần Nhật Duật,S08B_1,21.0375961,105.860363
Nguyễn Hữu Huân,S08B_1,21.0329823,105.8544642
Lý Thái Tổ,S08B_1,21.0296181,105.8553808
Ngô Quyền,S08B_1,21.1430752,105.5005122
Hai Bà Trưng,S08B_1,21.013109,105.8517903
Lê Duẩn,S08B_1,21.0141054,105.8413865
Giải Phóng,S08B_1,20.9705226,105.8409731
Ngã tư Vọng,S08B_1,20.9963606,105.8472964
Giải Phóng,S08B_1,20.9705226,105.8409731
"Nút giao Pháp Vân, đường vành đai 3",S08B_1,,
Đường vành đai 3,S08B_1,20.9513562,105.8644134
Trần Thủ Độ,S08B_1,20.9611033,105.8433622
"đường nội bộ Khu đô thị Pháp Vân, Tứ Hiệp",S08B_1,,
đường vào Khu nhà ở sinh viên Tứ Hiệp,S08B_1,,
cầu Tứ Hiệp,S08B_1,20.9605595,105.8481928
Nguyễn Bặc,S08B_1,20.9451578,105.8444422
Vũ Lăng,S08B_1,20.9384183,105.8500993
Ngũ Hiệp,S08B_1,20.9274942,105.8546601
Đông Mỹ,S08B_1,20.9175973,105.873665
"Ngã 3 Đông Mỹ, đê Hữu Hồng",S08B_1,,
đê Hữu Hồng,S08B_1,,
"Vạn Phúc (cổng thôn 3 xã Vạn Phúc, Thanh Trì)",S08B_1,,
"Vạn Phúc (cổng thôn 3 xã Vạn Phúc, Thanh Trì)",S08B_2,,
Đê Hữu Hồng,S08B_2,,
"ngã 3 Đông Mỹ, đê Hữu Hồng",S08B_2,,
Đông Mỹ,S08B_2,20.9175973,105.873665
Ngũ Hiệp,S08B_2,20.9274942,105.8546601
Vũ Lăng,S08B_2,20.9384183,105.8500993
Nguyễn Bặc,S08B_2,20.9451578,105.8444422
cầu Tứ Hiệp,S08B_2,20.9605595,105.8481928
đường vào Khu nhà ở sinh viên Tứ Hiệp,S08B_2,,
"đường nội bộ Khu đô thị Pháp Vân, Tứ Hiệp",S08B_2,,
Trần Thủ Độ,S08B_2,20.9611033,105.8433622
Ngõ 15 Ngọc Hồi,S08B_2,,
Giải Phóng,S08B_2,20.9705226,105.8409731
Quảng trường Bến xe Giáp Bát,S08B_2,,
Giải Phóng,S08B_2,20.9705226,105.8409731
Lê Duẩn,S08B_2,21.0141054,105.8413865
Nguyễn Thượng Hiền,S08B_2,21.1410048,105.505651
Yết Kiêu,S08B_2,20.9752693,105.7797051
Trần Hưng Đạo,S08B_2,21.0207798,105.8439367
Quán Sứ,S08B_2,10.8643598,106.7998835
Hai Bà Trưng,S08B_2,21.013109,105.8517903
Hàng Bài,S08B_2,21.2190579,105.8044681
Đinh Tiên Hoàng,S08B_2,20.9707819,105.7803187
Trần Nguyên Hãn,S08B_2,21.0288744,105.854614
Ngô Quyền,S08B_2,21.1430752,105.5005122
Hàng Tre,S08B_2,21.0331758,105.8551416
Hàng Muối,S08B_2,21.0347069,105.85475
Trần Nhật Duật,S08B_2,21.0375961,105.860363
Điểm trung chuyển Long Biên,S08B_2,21.0413663,105.849467
Yên Phụ,S08B_2,21.2208344,105.7344265
Long Biên (Yên Phụ,S08B_2,21.0414236,105.8492368
đoạn từ Hàng Than đến Hòe Nhai),S08B_2,,
BĐX Trần Khánh Dư,S09A_1,,
Trần Khánh Dư,S09A_1,21.0200801,105.8617023
Trần Hưng Đạo,S09A_1,21.0207798,105.8439367
Lê Thánh Tông,S09A_1,21.0220204,105.85776
Hai Bà Trưng,S09A_1,21.013109,105.8517903
Quang Trung,S09A_1,21.0208142,105.6091766
Tràng Thi,S09A_1,21.0234348,105.9719773
Điện Biên Phủ,S09A_1,21.0341251,105.8377505
Lê Hồng Phong,S09A_1,21.0332913,105.838715
Đội Cấn,S09A_1,21.0352974,105.8246773
Liễu Giai,S09A_1,21.0380016,105.8169294
Nguyễn Chí Thanh,S09A_1,21.0247616,105.8111746
La Thành,S09A_1,21.020154,105.8253499
Cầu Giấy,S09A_1,21.0310271,105.7881335
Điểm trung chuyển Cầu Giấy (hè trước tường rào vườn thú Hà Nội),S09A_1,,
Bưởi,S09A_1,21.0299966,105.3172973
Võ Chí Công,S09A_1,21.0531379,105.8052115
Nguyễn Hoàng Tôn,S09A_1,21.0738564,105.7999715
Phạm Văn Đồng,S09A_1,21.0654691,105.7849246
Quay đầu tại vòng xuyến (đối diện Ciputra),S09A_1,,
Phạm Văn Đồng,S09A_1,21.0654691,105.7849246
Nguyễn Đình Tứ,S09A_1,21.0762776,105.7847938
phố Viên,S09A_1,21.0694128,105.7725442
Đại học Mỏ Địa Chất.,S09A_1,,
Đại học Mỏ Địa Chất,S09A_2,,
phố Viên,S09A_2,21.0694128,105.7725442
Nguyễn Đình Tứ,S09A_2,21.0762776,105.7847938
Phạm Văn Đồng,S09A_2,21.0654691,105.7849246
Nguyễn Hoàng Tôn,S09A_2,21.0738564,105.7999715
Võ Chí Công,S09A_2,21.0531379,105.8052115
Bưởi (đường dưới bên bờ sông Tô Lịch),S09A_2,,
Cầu Giấy,S09A_2,21.0310271,105.7881335
Điểm trung chuyển xe buýt Cầu Giấy (hè trước tường rào Trường Đại học Giao thông vận tải),S09A_2,,
Cầu Giấy (đường dưới),S09A_2,,
Kim Mã,S09A_2,21.0304183,105.8142027
Liễu Giai,S09A_2,21.0380016,105.8169294
Văn Cao,S09A_2,20.9075249,105.8615695
Hoàng Hoa Thám,S09A_2,21.04209,105.8176278
Ngọc Hà,S09A_2,21.0384026,105.815922
Lê Hồng Phong,S09A_2,21.0332913,105.838715
Điện Biên Phủ,S09A_2,21.0341251,105.8377505
Phan Bội Châu,S09A_2,21.0246406,105.8430022
Hai Bà Trưng,S09A_2,21.013109,105.8517903
Phan Chu Trinh,S09A_2,21.0208397,105.8558574
Tràng Tiền,S09A_2,21.0271958,105.8565753
Trần Khánh Dư,S09A_2,21.0200801,105.8617023
BĐX Trần Khánh Dư.,S09A_2,,
"Trần Khánh Dư (Điểm đỗ xe Trần Khánh Dư, cạnh tường rào bảo tàng lịch sử quốc gia)",S09B_1,,
Trần Khánh Dư,S09B_1,21.0200801,105.8617023
Trần Hưng Đạo,S09B_1,21.0207798,105.8439367
Lê Thánh Tông,S09B_1,21.0220204,105.85776
Lý Thái Tổ,S09B_1,21.0296181,105.8553808
Lê Thạch,S09B_1,21.0271707,105.8546962
Ngô Quyền,S09B_1,21.1430752,105.5005122
Hai Bà Trưng,S09B_1,21.013109,105.8517903
Bà Triệu,S09B_1,21.0127276,105.8483535
Hồ Xuân Hương,S09B_1,21.0184284,105.8489479
Nguyễn Bỉnh Khiêm,S09B_1,21.0151809,105.8483786
Trần Nhân Tông,S09B_1,21.0171492,105.8473932
Quang Trung,S09B_1,21.0208142,105.6091766
Nguyễn Du,S09B_1,21.0164548,105.8495407
Lê Duẩn,S09B_1,21.0141054,105.8413865
Khâm Thiên,S09B_1,21.0185213,105.8389325
Nguyễn Lương Bằng,S09B_1,21.0159933,105.8284601
Tây Sơn,S09B_1,21.1410048,105.505651
Thái Thịnh,S09B_1,21.0058574,105.8223873
Láng Hạ,S09B_1,21.0166748,105.8104708
Huỳnh Thúc Kháng,S09B_1,21.0237327,105.8036112
Nguyễn Chí Thanh,S09B_1,21.0247616,105.8111746
Chùa Láng – Huỳnh Thúc Kháng(kéo dài) – ĐTC Cầu Giấy,S09B_1,,
Xuân Thủy,S09B_1,20.9754069,105.9460249
Phạm Hùng,S09B_1,21.0240285,105.7784792
Bến xe Mỹ Đình.,S09B_1,21.0284046,105.7783143
Bến xe Mỹ Đình,S09B_2,21.0284046,105.7783143
Phạm Hùng,S09B_2,21.0240285,105.7784792
"Quay đầu tại điểm mở giữa trụ T296, T297 đường vành đai 3 trên cao",S09B_2,,
Phạm Hùng,S09B_2,21.0240285,105.7784792
Xuân Thủy – ĐTC Cầu Giấy,S09B_2,,
Huỳnh Thúc Kháng(kéo dài),S09B_2,,
Chùa Láng,S09B_2,21.0238953,105.8026635
Nguyễn Chí Thanh,S09B_2,21.0247616,105.8111746
Huỳnh Thúc Kháng,S09B_2,21.0237327,105.8036112
Láng Hạ,S09B_2,21.0166748,105.8104708
Thái Thịnh,S09B_2,21.0058574,105.8223873
Tây Sơn,S09B_2,21.1410048,105.505651
Nguyễn Lương Bằng,S09B_2,21.0159933,105.8284601
Khâm Thiên,S09B_2,21.0185213,105.8389325
Nguyễn Thượng Hiền,S09B_2,21.1410048,105.505651
Trần Bình Trọng,S09B_2,21.01815,105.8438231
Nguyễn Du,S09B_2,21.0164548,105.8495407
Phố Huế,S09B_2,21.0175725,105.8514315
Hàng Bài,S09B_2,21.2190579,105.8044681
Lý Thường Kiệt,S09B_2,20.9630163,105.7665612
Phan Chu Trinh,S09B_2,21.0208397,105.8558574
Tràng Tiền,S09B_2,21.0271958,105.8565753
Trần Khánh Dư,S09B_2,21.0200801,105.8617023
"Trần Khánh Dư (Điểm đỗ xe Trần Khánh Dư, cạnh tường rào bảo tàng lịch sử quốc gia).",S09B_2,,
Công viên Thống Nhất,S11_1,21.0123287,105.8437898
Trần Nhân Tông,S11_1,21.0171492,105.8473932
Quang Trung,S11_1,21.0208142,105.6091766
Trần Hưng Đạo,S11_1,21.0207798,105.8439367
Phan Chu Trinh,S11_1,21.0208397,105.8558574
Lý Thái Tổ,S11_1,21.0296181,105.8553808
Ngô Quyền,S11_1,21.1430752,105.5005122
Hàng Vôi,S11_1,21.0301831,105.8563219
Hàng Tre,S11_1,21.0331758,105.8551416
Hàng Muối,S11_1,21.0347069,105.85475
Long Biên (Điểm quay đầu trước phố Hàng Khoai),S11_1,,
Trần Nhật Duật,S11_1,21.0375961,105.860363
Cầu Chương Dương,S11_1,21.0375961,105.860363
Đê Gia Thượng,S11_1,21.0670201,105.8728222
Ngọc Lâm,S11_1,21.0507862,105.8846737
Nguyễn Văn Cừ,S11_1,21.0541322,105.8856779
Nguyễn Văn Linh,S11_1,21.0383968,105.8991875
Nguyễn Đức Thuận,S11_1,21.0119209,105.9510315
Ngô Xuân Quảng,S11_1,21.009802,105.9317588
Học viện Nông nghiệp Việt Nam,S11_1,21.009802,105.9317588
Học viện Nông nghiệp Việt Nam,S11_2,21.009802,105.9317588
Ngô Xuân Quảng,S11_2,21.009802,105.9317588
Nguyễn Đức Thuận,S11_2,21.0119209,105.9510315
Nguyễn Văn Linh,S11_2,21.0383968,105.8991875
Nguyễn Văn Cừ,S11_2,21.0541322,105.8856779
Ngô Gia Khảm,S11_2,21.0482146,105.8766036
Ngọc Lâm,S11_2,21.0507862,105.8846737
Đê Gia Thượng,S11_2,21.0670201,105.8728222
Cầu Chương Dương,S11_2,21.0375961,105.860363
Trần Nhật Duật,S11_2,21.0375961,105.860363
Long Biên (Điểm quay đầu tại phố Hàng Khoai),S11_2,,
Trần Nhật Duật,S11_2,21.0375961,105.860363
Nguyễn Hữu Huân,S11_2,21.0329823,105.8544642
Lý Thái Tổ,S11_2,21.0296181,105.8553808
Ngô Quyền,S11_2,21.1430752,105.5005122
Trần Hưng Đạo,S11_2,21.0207798,105.8439367
Quang Trung,S11_2,21.0208142,105.6091766
Lý Thường Kiệt,S11_2,20.9630163,105.7665612
Lê Duẩn,S11_2,21.0141054,105.8413865
Trần Nhân Tông,S11_2,21.0171492,105.8473932
Công viên Thống Nhất,S11_2,21.0123287,105.8437898
Công viên Nghĩa Đô,S12_1,21.0407864,105.7959977
Nguyễn Văn Huyên,S12_1,21.038326,105.7978038
Nguyễn Khánh Toàn,S12_1,21.0383475,105.8002309
Bưởi,S12_1,21.0299966,105.3172973
Cầu Giấy,S12_1,21.0310271,105.7881335
điểm trung chuyển Cầu Giấy,S12_1,21.0294603,105.8027634
Cầu Giấy,S12_1,21.0310271,105.7881335
Huỳnh Thúc Kháng,S12_1,21.0237327,105.8036112
Chùa Láng,S12_1,21.0238953,105.8026635
Nguyễn Chí Thanh,S12_1,21.0247616,105.8111746
Huỳnh Thúc Kháng,S12_1,21.0237327,105.8036112
Thái Hà,S12_1,21.0145568,105.8194727
Chùa Bộc,S12_1,21.0145568,105.8194727
Tôn Thất Tùng,S12_1,21.005727,105.8309313
Lê Trọng Tấn,S12_1,20.9849034,105.7443244
Trần Điền,S12_1,20.9491068,105.8449888
Định Công,S12_1,20.9770697,105.8254092
Giải Phóng,S12_1,20.9705226,105.8409731
Ngọc Hồi,S12_1,20.9233689,105.8426967
Quốc lộ 1,S12_1,20.7076429,105.9105793
Cầu Ngọc Hồi,S12_1,20.9245413,105.851096
xã Ngọc Hồi,S12_1,20.9128431,105.8337875
Đường mới xã Đại Áng,S12_1,,
Khánh Hà (Thường Tín).,S12_1,20.8927882,105.8250512
Khánh Hà (Thường Tín),S12_2,20.8927882,105.8250512
Đường mới xã Đại Áng,S12_2,,
Quốc lộ 1 (rẽ phải theo tổ chức giao thông),S12_2,,
"Quay đầu tại điểm mở (Km13 QL1A, xã Ngọc Hồi, huyện Thanh Trì, đối diện nhà hàng Cây Si)",S12_2,,
Quốc lộ 1,S12_2,20.7076429,105.9105793
Cầu Ngọc Hồi,S12_2,20.9245413,105.851096
Quốc lộ 1,S12_2,20.7076429,105.9105793
Ngọc Hồi,S12_2,20.9233689,105.8426967
Giải Phóng,S12_2,20.9705226,105.8409731
Quảng trường Bến xe Giáp Bát,S12_2,,
Giải Phóng,S12_2,20.9705226,105.8409731
Quay đầu tại điểm mở đối diện 649 Giải Phóng,S12_2,,
Giải Phóng,S12_2,20.9705226,105.8409731
Định Công,S12_2,20.9770697,105.8254092
Trần Điền,S12_2,20.9491068,105.8449888
Lê Trọng Tấn,S12_2,20.9849034,105.7443244
Tôn Thất Tùng,S12_2,21.005727,105.8309313
Chùa Bộc,S12_2,21.0145568,105.8194727
Thái Hà,S12_2,21.0145568,105.8194727
Huỳnh Thúc Kháng,S12_2,21.0237327,105.8036112
Nguyễn Chí Thanh,S12_2,21.0247616,105.8111746
Chùa Láng,S12_2,21.0238953,105.8026635
Huỳnh Thúc Kháng,S12_2,21.0237327,105.8036112
Cầu Giấy,S12_2,21.0310271,105.7881335
điểm trung chuyển Cầu Giấy,S12_2,21.0294603,105.8027634
Cầu Giấy,S12_2,21.0310271,105.7881335
Bưởi,S12_2,21.0299966,105.3172973
Nguyễn Khánh Toàn,S12_2,21.0383475,105.8002309
Nguyễn Văn Huyên,S12_2,21.038326,105.7978038
Quay đầu tại điểm mở cổng Công viên Nghĩa Đô,S12_2,,
Công viên Nghĩa Đô.,S12_2,21.0407864,105.7959977
Công viên nước Hồ Tây,S13_1,21.0730979,105.8173229
Lạc Long Quân,S13_1,21.0691418,105.8120304
Hoàng Quốc Việt,S13_1,21.0531725,105.7817224
Nguyễn Văn Huyên,S13_1,21.038326,105.7978038
Tô Hiệu,S13_1,20.8045929,105.8862229
Trần Quốc Hoàn,S13_1,21.0423089,105.7868461
Phạm Văn Đồng,S13_1,21.0654691,105.7849246
quay đầu tại điểm mở đối diện 158 Phạm Văn Đồng,S13_1,,
Phạm Văn Đồng,S13_1,21.0654691,105.7849246
Hồ Tùng Mậu,S13_1,21.0387676,105.770769
Cầu Diễn,S13_1,21.0412207,105.7626912
Hoàng Công Chất,S13_1,21.0459458,105.7688721
Phan Bá Vành,S13_1,21.0518181,105.7714601
Cầu Noi,S13_1,21.0616336,105.7723577
Cổ Nhuế,S13_1,21.0660695,105.7823605
Cổ Nhuế,S13_2,21.0660695,105.7823605
Cầu Noi,S13_2,21.0616336,105.7723577
Phan Bá Vành,S13_2,21.0518181,105.7714601
Hoàng Công Chất,S13_2,21.0459458,105.7688721
Cầu Diễn,S13_2,21.0412207,105.7626912
Hồ Tùng Mậu,S13_2,21.0387676,105.770769
Phạm Văn Đồng,S13_2,21.0654691,105.7849246
Trần Quốc Hoàn,S13_2,21.0423089,105.7868461
Tô Hiệu,S13_2,20.8045929,105.8862229
Nguyễn Văn Huyên,S13_2,21.038326,105.7978038
Hoàng Quốc Việt,S13_2,21.0531725,105.7817224
"Vòng xuyến Bưởi, Hoàng Quốc Việt",S13_2,,
Bưởi,S13_2,21.0299966,105.3172973
Lạc Long Quân,S13_2,21.0691418,105.8120304
Công viên nước Hồ Tây.,S13_2,21.0730979,105.8173229
Bến xe Gia Lâm,S15_1,21.0485414,105.8789776
Ngô Gia Khảm,S15_1,21.0482146,105.8766036
Ngọc Lâm,S15_1,21.0507862,105.8846737
Nguyễn Văn Cừ,S15_1,21.0541322,105.8856779
Ngô Gia Tự,S15_1,21.0725863,105.9065615
Cầu Đuống,S15_1,21.0725863,105.9065615
Quốc Lộ 3,S15_1,21.1946843,105.8481713
Dốc Vân,S15_1,21.0979677,105.9286362
Cổ Loa,S15_1,21.1332911,105.8734736
Đường cái tránh Quốc lộ 3,S15_1,,
Quốc lộ 3,S15_1,21.1946843,105.8481713
Đông Anh,S15_1,21.1536239,105.8519612
Nguyên Khê,S15_1,21.1780917,105.8394477
Phủ Lỗ,S15_1,21.1995929,105.8422428
Đa Phúc,S15_1,21.2331124,105.860948
Phố Nỉ,S15_1,21.3248466,105.8731255
Phố Nỉ,S15_2,21.3248466,105.8731255
Đa Phúc,S15_2,21.2331124,105.860948
Phủ Lỗ,S15_2,21.1995929,105.8422428
Nguyên Khê,S15_2,21.1780917,105.8394477
Đông Anh,S15_2,21.1536239,105.8519612
Đường cải tránh Quốc lộ 3,S15_2,,
Quốc lộ 3,S15_2,21.1946843,105.8481713
Cổ Loa,S15_2,21.1332911,105.8734736
Dốc Vân,S15_2,21.0979677,105.9286362
Quốc lộ 3,S15_2,21.1946843,105.8481713
Cầu Đuống,S15_2,21.0725863,105.9065615
Ngô Gia Tự,S15_2,21.0725863,105.9065615
Nguyễn Văn Cừ,S15_2,21.0541322,105.8856779
Ngô Gia Khảm,S15_2,21.0482146,105.8766036
Bến xe Gia Lâm,S15_2,21.0485414,105.8789776
Bến xe Mỹ Đình,S16_1,21.0284046,105.7783143
Phạm Hùng,S16_1,21.0240285,105.7784792
Quay đầu tại Đình Thôn,S16_1,,
Phạm Hùng,S16_1,21.0240285,105.7784792
Xuân Thủy,S16_1,20.9754069,105.9460249
Cầu Giấy,S16_1,21.0310271,105.7881335
Đường Láng,S16_1,21.0288761,105.8005012
Ngã tư Sở,S16_1,21.0029772,105.8202406
Trường Chinh,S16_1,21.0447918,105.7883504
Ngã tư Vọng,S16_1,20.9963606,105.8472964
Giải Phóng,S16_1,20.9705226,105.8409731
Ngọc Hồi,S16_1,20.9233689,105.8426967
Quay đầu tại đối diện công ty ABB,S16_1,,
Ngọc Hồi,S16_1,20.9233689,105.8426967
Bến xe Nước Ngầm,S16_1,20.9647577,105.8422383
Bến xe Nước Ngầm,S16_2,20.9647577,105.8422383
Ngọc Hồi,S16_2,20.9233689,105.8426967
Giải Phóng,S16_2,20.9705226,105.8409731
Quảng trường bến xe Giáp Bát,S16_2,,
Giải Phóng,S16_2,20.9705226,105.8409731
Ngã tư Vọng,S16_2,20.9963606,105.8472964
Trường Chinh,S16_2,21.0447918,105.7883504
Ngã tư Sở,S16_2,21.0029772,105.8202406
Đường Láng,S16_2,21.0288761,105.8005012
Cầu Giấy,S16_2,21.0310271,105.7881335
Xuân Thủy,S16_2,20.9754069,105.9460249
Phạm Hùng,S16_2,21.0240285,105.7784792
Bến xe Mỹ Đình,S16_2,21.0284046,105.7783143
Long Biên,S17_1,21.0398713,105.8500216
Yên Phụ,S17_1,21.2208344,105.7344265
Điểm trung chuyển Long Biên,S17_1,21.0413663,105.849467
Trần Nhật Duật,S17_1,21.0375961,105.860363
Cầu Chương Dương,S17_1,21.0375961,105.860363
Nguyễn Văn Cừ,S17_1,21.0541322,105.8856779
Ngô Gia Tự,S17_1,21.0725863,105.9065615
Cầu Đuống,S17_1,21.0725863,105.9065615
Thiên Đức,S17_1,21.077771,105.9371611
Dốc Vân,S17_1,21.0979677,105.9286362
Quốc lộ 3,S17_1,21.1946843,105.8481713
Nguyên Khê,S17_1,21.1780917,105.8394477
Phủ Lỗ,S17_1,21.1995929,105.8422428
Quốc lộ 2,S17_1,21.1983028,105.8268254
"Đường nối Quốc lộ 2 và đường Võ Văn Kiệt, Võ Nguyên Giáp",S17_1,,
Võ Nguyên Giáp,S17_1,,
quay đầu tại điểm mở,S17_1,,
Võ Nguyên Giáp,S17_1,,
Võ Văn Kiệt,S17_1,21.1341757,105.7785848
"Sân bay Nội Bài (điểm đỗ xe buýt, Nhà ga T1).",S17_1,,
"Sân bay Nội Bài (điểm đỗ xe buýt, Nhà ga T1).",S17_2,,
đường trục nội cảng,S17_2,,
Trạm thu phí Sân bay Nội Bài,S17_2,,
Võ Văn Kiệt,S17_2,21.1341757,105.7785848
Quay đầu tại điểm mở đường Võ Văn Kiệt,S17_2,,
Võ Văn Kiệt,S17_2,21.1341757,105.7785848
Đường nối Quốc lộ 2 và đường Võ Văn Kiệt,S17_2,,
Quốc lộ 2,S17_2,21.1983028,105.8268254
Phủ Lỗ,S17_2,21.1995929,105.8422428
Nguyên Khê,S17_2,21.1780917,105.8394477
Đông Anh,S17_2,21.1536239,105.8519612
Quốc lộ 3,S17_2,21.1946843,105.8481713
Thiên Đức,S17_2,21.077771,105.9371611
Cầu Đuống,S17_2,21.0725863,105.9065615
Ngô Gia Tự,S17_2,21.0725863,105.9065615
Nguyễn Văn Cừ,S17_2,21.0541322,105.8856779
Cầu Chương Dương,S17_2,21.0375961,105.860363
Trần Nhật Duật,S17_2,21.0375961,105.860363
Yên Phụ,S17_2,21.2208344,105.7344265
Điểm trung chuyển Long Biên,S17_2,21.0413663,105.849467
Long Biên,S17_2,21.0398713,105.8500216
Trần Khánh Dư,S19_1,21.0200801,105.8617023
Nguyễn Khoái,S19_1,21.0050866,105.8693687
Vĩnh Tuy,S19_1,20.9977533,105.8675317
Minh Khai,S19_1,21.0479764,105.7448067
Đại La,S19_1,20.9964989,105.8469589
Trường Chinh,S19_1,21.0447918,105.7883504
Nguyễn Trãi,S19_1,20.9727763,105.7815108
Trần Phú (Hà Đông),S19_1,20.976617,105.783598
Quang Trung (Hà Đông),S19_1,20.972467,105.7773312
Chu Văn An (Hà Đông),S19_1,20.9733369,105.7788457
Vạn Phúc (Hà Đông),S19_1,20.9786042,105.7666703
Tố Hữu,S19_1,20.9843598,105.7732219
Nguyễn Văn Luyện,S19_1,20.9878744,105.7525246
đường Nội,S19_1,20.9755685,105.7481751
Lê Trọng Tấn (Hà Đông),S19_1,20.9680738,105.7548997
đường nội bộ Khu đô thị Nam An Khánh,S19_1,,
"Cổng số 2, Khu đô thị Vinhomes Thăng Long",S19_1,20.9972766,105.7213941
đường nội bộ Liên khu 8,S19_1,,
Học viện Chính sách và Phát triển.,S19_1,,
Học viện Chính sách và Phát triển,S19_2,20.9939492,105.7118227
đường nội bộ Liên khu 8,S19_2,,
đường nội bộ Khu đô thị Nam An Khánh,S19_2,,
Lê Trọng Tấn (Hà Đông),S19_2,20.9680738,105.7548997
đường Nội,S19_2,20.9755685,105.7481751
Nguyễn Văn Luyện,S19_2,20.9878744,105.7525246
Tố Hữu,S19_2,20.9843598,105.7732219
Vạn Phúc (Hà Đông),S19_2,20.9786042,105.7666703
Chu Văn An (Hà Đông),S19_2,20.9733369,105.7788457
Quang Trung (Hà Đông),S19_2,20.972467,105.7773312
Nguyễn Trãi,S19_2,20.9727763,105.7815108
Ngã tư Sở,S19_2,21.0029772,105.8202406
Trường Chinh,S19_2,21.0447918,105.7883504
Đại La,S19_2,20.9964989,105.8469589
Minh Khai,S19_2,21.0479764,105.7448067
Nguyễn Khoái,S19_2,21.0050866,105.8693687
Trần Khánh Dư,S19_2,21.0200801,105.8617023
Nhổn (Điểm trung chuyển xe buýt Nhổn),S20A_1,,
Phố Nhổn,S20A_1,21.0560649,105.7300174
Trôi,S20A_1,21.0681821,105.7099045
Phùng,S20A_1,21.0864777,105.6634813
Phúc Thọ,S20A_1,21.1068672,105.5382845
Phố Chùa Thông (Sơn Tây),S20A_1,21.1310695,105.509534
Bến xe Sơn Tây,S20A_1,21.1303778,105.5089888
Bến xe Sơn Tây,S20A_2,21.1303778,105.5089888
Phố Chùa Thông (Sơn Tây),S20A_2,21.1310695,105.509534
Phúc Thọ,S20A_2,21.1068672,105.5382845
Phùng,S20A_2,21.0864777,105.6634813
Trôi,S20A_2,21.0681821,105.7099045
Phố Nhổn,S20A_2,21.0560649,105.7300174
Nhổn (điểm trung chuyển xe buýt Nhổn),S20A_2,,
Nhổn (điểm trung chuyển Nhổn),S20ATC_1,,
Nhổn,S20ATC_1,21.0525913,105.7352317
Trôi,S20ATC_1,21.0681821,105.7099045
Phùng,S20ATC_1,21.0864777,105.6634813
Phúc Thọ,S20ATC_1,21.1068672,105.5382845
Chùa Thông (Sơn Tây),S20ATC_1,21.120696,105.5019079
Quốc lộ 21A,S20ATC_1,20.8506059,105.8710403
cầu Vĩnh Thịnh,S20ATC_1,21.1578773,105.4821767
Quốc lộ 2C,S20ATC_1,21.3636097,105.5454818
"Vòng xuyến cầu Vĩnh Thịnh (xã Vĩnh Tường, tỉnh Phú Thọ) và đường nối vào đê tả sông Hồng (các xã Vĩnh Tường, Phú, tỉnh Phú Thọ)",S20ATC_1,,
đê tả sông Hồng (tỉnh Phú Thọ),S20ATC_1,21.1848291,105.6308912
"đường qua thôn Thủ Độ (xã Vĩnh Phú, tỉnh Phú Thọ)",S20ATC_1,21.1848291,105.6308912
đường đập tràn Minh Châu,S20ATC_1,,
Minh Châu (điểm đỗ xe buýt xã Minh Châu).,S20ATC_1,,
Minh Châu (điểm đỗ xe buýt xã Minh Châu),S20ATC_2,,
đường đập tràn Minh Châu,S20ATC_2,,
"đường qua thôn Thủ Độ (xã Vĩnh Phú, tỉnh Phú Thọ)",S20ATC_2,21.1848291,105.6308912
đê tả sông Hồng (tỉnh Phú Thọ),S20ATC_2,21.1848291,105.6308912
"đường nối đi cầu Vĩnh Thịnh (các xã Vĩnh Phú, Vĩnh Tường, tỉnh Phú Thọ)",S20ATC_2,,
Quốc lộ 2C,S20ATC_2,21.3636097,105.5454818
cầu Vĩnh Thịnh,S20ATC_2,21.1578773,105.4821767
Quốc lộ 21A,S20ATC_2,20.8506059,105.8710403
Chùa Thông (Sơn Tây),S20ATC_2,21.120696,105.5019079
Phúc Thọ,S20ATC_2,21.1068672,105.5382845
Phùng,S20ATC_2,21.0864777,105.6634813
Trôi,S20ATC_2,21.0681821,105.7099045
Nhổn,S20ATC_2,21.0525913,105.7352317
Cầu Diễn,S20ATC_2,21.0412207,105.7626912
quay đầu tại điểm mở (đối diện cụm công nghiệp vừa và nhỏ Từ Liêm),S20ATC_2,,
Cầu Diễn,S20ATC_2,21.0412207,105.7626912
Nhổn (điểm trung chuyển Nhổn).,S20ATC_2,,
Nhổn (Điểm trung chuyển xe buýt Nhổn),S20B_1,,
Cầu Diễn,S20B_1,21.0412207,105.7626912
Tây Tựu,S20B_1,21.063884,105.7384675
Thượng Cát,S20B_1,21.0864873,105.7490911
Đê Liên Trì,S20B_1,21.2734927,105.7500362
"Đê Hữu Hồng (đi qua các xã Liên Trung, Liên Hà, Liên Hồng, Hồng Hà)",S20B_1,,
Tiên Tân,S20B_1,20.8805726,105.6150122
Trung Châu,S20B_1,21.1251759,105.6614014
Hát Môn,S20B_1,21.1284632,105.6166245
Võng Xuyên,S20B_1,21.130042,105.5467634
Tỉnh lộ 418 (DT82),S20B_1,21.0383443,105.7715144
Quốc lộ 32,S20B_1,21.0862487,105.6336723
Chùa Thông (Sơn Tây),S20B_1,21.120696,105.5019079
Bến xe Sơn Tây,S20B_1,21.1303778,105.5089888
Bến xe Sơn Tây,S20B_2,21.1303778,105.5089888
Chùa Thông (Sơn Tây),S20B_2,21.120696,105.5019079
Quốc lộ 32,S20B_2,21.0862487,105.6336723
Tỉnh lộ 418 (DT82),S20B_2,21.0383443,105.7715144
Võng Xuyên,S20B_2,21.130042,105.5467634
Hát Môn,S20B_2,21.1284632,105.6166245
Trung Châu,S20B_2,21.1251759,105.6614014
Tiên Tân,S20B_2,20.8805726,105.6150122
Đê Liên Trì,S20B_2,21.2734927,105.7500362
"Đê Hữu Hồng (đi qua các xã Liên Trung, Liên Hà, Liên Hồng, Hồng Hà)",S20B_2,,
Thượng Cát,S20B_2,21.0864873,105.7490911
Tây Tựu,S20B_2,21.063884,105.7384675
Ngã 4 Nhổn,S20B_2,21.0560649,105.7300174
Phố Nhổn,S20B_2,21.0560649,105.7300174
Quay đầu tại điểm mở đối diện số nhà 44 Phố Nhổn,S20B_2,,
Phố Nhổn,S20B_2,21.0560649,105.7300174
Cầu Diễn,S20B_2,21.0412207,105.7626912
Quay đầu tại điểm mở (đối diện cụm công nghiệp vừa và nhỏ Từ Liêm),S20B_2,,
Cầu Diễn,S20B_2,21.0412207,105.7626912
Nhổn (Trạm trung chuyển xe buýt Nhổn).,S20B_2,,
Bến xe Giáp Bát,S21A_1,20.9802359,105.8419987
Giải Phóng,S21A_1,20.9705226,105.8409731
cầu vượt ngã tư Vọng,S21A_1,20.995094,105.841138
Giải Phóng,S21A_1,20.9705226,105.8409731
Xã Đàn,S21A_1,20.8105226,105.7945126
Phạm Ngọc Thạch,S21A_1,21.0108831,105.8369727
Chùa Bộc,S21A_1,21.0145568,105.8194727
Tây Sơn,S21A_1,21.1410048,105.505651
Ngã tư Sở,S21A_1,21.0029772,105.8202406
Nguyễn Trãi,S21A_1,20.9727763,105.7815108
Trần Phú (Hà Đông),S21A_1,20.976617,105.783598
Quang Trung (Hà Đông),S21A_1,20.972467,105.7773312
Ba La,S21A_1,20.9041699,105.5876793
Quốc Lộ 6,S21A_1,20.9290228,105.6815054
Bến xe Yên Nghĩa.,S21A_1,20.9500711,105.7472652
Bến xe Yên Nghĩa,S21A_2,20.9500695,105.7472806
Quốc Lộ 6,S21A_2,20.9290228,105.6815054
Ba La,S21A_2,20.9041699,105.5876793
Quang Trung (Hà Đông),S21A_2,20.972467,105.7773312
Trần Phú (Hà Đông),S21A_2,20.976617,105.783598
Nguyễn Trãi,S21A_2,20.9727763,105.7815108
Ngã tư Sở,S21A_2,21.0029772,105.8202406
Tây Sơn,S21A_2,21.1410048,105.505651
Chùa Bộc,S21A_2,21.0145568,105.8194727
Phạm Ngọc Thạch,S21A_2,21.0108831,105.8369727
Đào Duy Anh,S21A_2,21.0090322,105.838263
Giải Phóng,S21A_2,20.9705226,105.8409731
cầu vượt ngã tư Vọng,S21A_2,20.995094,105.841138
Ngã 3 Đuôi Cá,S21A_2,,
Bến xe Giáp Bát,S21A_2,20.9802359,105.8419987
Duyên Thái (điểm đỗ xe buýt,S21B_1,,
"cạnh UBND xã Duyên Thái, Thường Tín)",S21B_1,,
đường làng Hạ Thái,S21B_1,20.7699197,105.9535437
"đường gom Cao tốc Pháp Vân, Cầu Giẽ",S21B_1,20.7699197,105.9535437
Ngũ Hiệp,S21B_1,20.9274942,105.8546601
cầu vượt Tự Khoát,S21B_1,,
Ngũ Hiệp,S21B_1,20.9274942,105.8546601
Vũ Lăng,S21B_1,20.9384183,105.8500993
Nguyễn Bặc,S21B_1,20.9451578,105.8444422
cầu Trần Thủ Độ,S21B_1,20.9491414,105.8482446
"đường nội bộ KĐT Pháp Vân, Tứ Hiệp",S21B_1,,
Khu đô thị Pháp Vân (Tứ Hiệp),S21B_1,20.9586853,105.8468525
Ngõ 15 Ngọc Hồi,S21B_1,,
Bến xe Nước Ngầm,S21B_1,20.9647577,105.8422383
Ngọc Hồi,S21B_1,20.9233689,105.8426967
Giải Phóng,S21B_1,20.9705226,105.8409731
Quảng trường bến xe Giáp Bát,S21B_1,,
Giải Phóng – Cầu vượt Ngã tư Vọng,S21B_1,,
Xã Đàn,S21B_1,20.8105226,105.7945126
Phạm Ngọc Thạch,S21B_1,21.0108831,105.8369727
Chùa Bộc,S21B_1,21.0145568,105.8194727
Tây Sơn,S21B_1,21.1410048,105.505651
Ngã tư Sở,S21B_1,21.0029772,105.8202406
Nguyễn Trãi,S21B_1,20.9727763,105.7815108
Khuất Duy Tiến,S21B_1,20.9972772,105.7984508
Phạm Hùng,S21B_1,21.0240285,105.7784792
"Quay đầu ngã tư Phạm Hùng, Tôn Thất Thuyết",S21B_1,,
Phạm Hùng,S21B_1,21.0240285,105.7784792
Bến xe Mỹ Đình.,S21B_1,21.0284046,105.7783143
Bến xe Mỹ Đình,S21B_2,21.0284046,105.7783143
Phạm Hùng,S21B_2,21.0240285,105.7784792
Khuất Duy Tiến,S21B_2,20.9972772,105.7984508
Nguyễn Trãi,S21B_2,20.9727763,105.7815108
Ngã tư Sở,S21B_2,21.0029772,105.8202406
Tây Sơn,S21B_2,21.1410048,105.505651
Chùa Bộc,S21B_2,21.0145568,105.8194727
Phạm Ngọc Thạch,S21B_2,21.0108831,105.8369727
Đào Duy Anh,S21B_2,21.0090322,105.838263
Giải Phóng,S21B_2,20.9705226,105.8409731
Ngã tư Vọng,S21B_2,20.9963606,105.8472964
Giải Phóng,S21B_2,20.9705226,105.8409731
Nút giao Pháp Vân,S21B_2,20.9628062,105.8482446
đường dưới vành đai 3,S21B_2,,
Trần Thủ Độ,S21B_2,20.9611033,105.8433622
KĐT Pháp Vân (Tứ Hiệp),S21B_2,20.9552852,105.8469075
"Đường nội bộ KĐT Pháp Vân, Tứ Hiệp",S21B_2,,
cầu Trần Thủ Độ,S21B_2,20.9491414,105.8482446
Nguyễn Bặc,S21B_2,20.9451578,105.8444422
Vũ Lăng,S21B_2,20.9384183,105.8500993
Ngũ Hiệp,S21B_2,20.9274942,105.8546601
"đường gom cao tốc Pháp Vân, Cầu Giẽ",S21B_2,,
"Hầm chui đường Cao tốc Pháp Vân, Cầu Giẽ",S21B_2,,
đường gom cao tốc Pháp Vân Cầu Giẽ,S21B_2,,
đường làng Hạ Thái,S21B_2,20.7699197,105.9535437
Duyên Thái (điểm đỗ xe buýt,S21B_2,,
"cạnh UBND xã Duyên Thái, Thường Tín).",S21B_2,,
Bến xe Gia Lâm,S22A_1,21.0485414,105.8789776
Ngô Gia Khảm,S22A_1,21.0482146,105.8766036
Ngọc Lâm,S22A_1,21.0507862,105.8846737
Nguyễn Văn Cừ,S22A_1,21.0541322,105.8856779
Cầu Chương Dương,S22A_1,21.0375961,105.860363
Trần Nhật Duật,S22A_1,21.0375961,105.860363
Điểm trung chuyển Long Biên,S22A_1,21.0413663,105.849467
Hàng Đậu,S22A_1,21.0405266,105.8490852
Quán Thánh,S22A_1,20.9540708,105.7600855
Nguyễn Biểu,S22A_1,21.0419394,105.8401042
Hoàng Diệu,S22A_1,20.8638801,105.731502
Trần Phú,S22A_1,20.8327858,105.6707384
Kim Mã (đường dưới),S22A_1,21.0308599,105.8166626
Đào Tấn,S22A_1,21.0344665,105.8052462
Liễu Giai,S22A_1,21.0380016,105.8169294
Nguyễn Chí Thanh,S22A_1,21.0247616,105.8111746
Trần Duy Hưng,S22A_1,21.005215,105.7988957
Khuất Duy Tiến,S22A_1,20.9972772,105.7984508
Nguyễn Trãi,S22A_1,20.9727763,105.7815108
Trần Phú (Hà Đông),S22A_1,20.976617,105.783598
Phùng Hưng (Hà Đông),S22A_1,20.9633082,105.7964527
"đường Phúc La, Văn Phú",S22A_1,20.9956405,105.7444474
đường Mậu Lương,S22A_1,20.9706711,105.7754762
Khu đô thị Kiến Hưng,S22A_1,20.9450467,105.7924489
Khu đô thị Kiến Hưng,S22A_2,20.9450467,105.7924489
đường Mậu Lương,S22A_2,20.9706711,105.7754762
"đường Phúc La, Văn Phú",S22A_2,20.9956405,105.7444474
Phùng Hưng (Hà Đông),S22A_2,20.9633082,105.7964527
Trần Phú (Hà Đông),S22A_2,20.976617,105.783598
Nguyễn Trãi,S22A_2,20.9727763,105.7815108
Khuất Duy Tiến,S22A_2,20.9972772,105.7984508
Trần Duy Hưng,S22A_2,21.005215,105.7988957
Nguyễn Chí Thanh,S22A_2,21.0247616,105.8111746
Liễu Giai,S22A_2,21.0380016,105.8169294
Đào Tấn,S22A_2,21.0344665,105.8052462
Kim Mã,S22A_2,21.0304183,105.8142027
Nguyễn Thái Học,S22A_2,21.0293108,105.8400223
Hoàng Diệu,S22A_2,20.8638801,105.731502
Phan Đình Phùng,S22A_2,21.0417484,105.8356303
Hàng Đậu,S22A_2,21.0405266,105.8490852
Long Biên,S22A_2,21.0398713,105.8500216
Trần Nhật Duật,S22A_2,21.0375961,105.860363
Cầu Chương Dương,S22A_2,21.0375961,105.860363
Nguyễn Văn Cừ,S22A_2,21.0541322,105.8856779
Nguyễn Sơn,S22A_2,21.0369497,105.8989779
Ngọc Lâm,S22A_2,21.0507862,105.8846737
Ngô Gia Khảm,S22A_2,21.0482146,105.8766036
Bến xe Gia Lâm,S22A_2,21.0485414,105.8789776
Bến xe Giáp Bát,S22B_1,20.9802359,105.8419987
Giải Phóng,S22B_1,20.9705226,105.8409731
Nguyễn Hữu Thọ,S22B_1,20.9689294,105.8287408
Cầu Dậu,S22B_1,20.9709075,105.825004
Nghiêm Xuân Yêm,S22B_1,20.9689977,105.829234
Nguyễn Xiển,S22B_1,20.9873889,105.8054552
Nguyễn Trãi,S22B_1,20.9727763,105.7815108
Trần Phú (Hà Đông),S22B_1,20.976617,105.783598
Quang Trung (Hà Đông),S22B_1,20.972467,105.7773312
Chu Văn An (Hà Đông),S22B_1,20.9733369,105.7788457
Vạn Phúc,S22B_1,20.9175478,105.8984139
Tố Hữu,S22B_1,20.9843598,105.7732219
Nguyễn Thanh Bình,S22B_1,20.9819422,105.7690966
Nguyễn Trác,S22B_1,20.9604934,105.7441627
Đô Nghĩa,S22B_1,21.0477865,105.8009131
Đô Nghĩa,S22B_2,21.0477865,105.8009131
Nguyễn Trác,S22B_2,20.9604934,105.7441627
Nguyễn Thanh Bình,S22B_2,20.9819422,105.7690966
Tố Hữu,S22B_2,20.9843598,105.7732219
Vạn Phúc,S22B_2,20.9175478,105.8984139
Chu Văn An (Hà Đông),S22B_2,20.9733369,105.7788457
Quang Trung (Hà Đông),S22B_2,20.972467,105.7773312
Trần Phú (Hà Đông),S22B_2,20.976617,105.783598
Nguyễn Trãi,S22B_2,20.9727763,105.7815108
Nguyễn Xiển,S22B_2,20.9873889,105.8054552
Nghiêm Xuân Yêm,S22B_2,20.9689977,105.829234
Cầu Dậu,S22B_2,20.9709075,105.825004
Nguyễn Hữu Thọ,S22B_2,20.9689294,105.8287408
Giải Phóng,S22B_2,20.9705226,105.8409731
Bến xe Giáp Bát,S22B_2,20.9802359,105.8419987
Nguyễn Công Trứ,S23_1,21.0122971,105.8530508
Phố Huế,S23_1,21.0175725,105.8514315
Tuệ Tĩnh,S23_1,21.0152242,105.8482231
Bà Triệu,S23_1,21.0127276,105.8483535
Lê Đại Hành,S23_1,21.0116945,105.8494932
Hoa Lư,S23_1,21.0254222,105.8465093
Đại Cồ Việt,S23_1,21.0078431,105.8454488
Tạ Quang Bửu,S23_1,21.004273,105.8436986
Lê Thanh Nghị,S23_1,21.00338,105.8493399
Giải Phóng,S23_1,20.9705226,105.8409731
Phương Mai,S23_1,21.0383346,105.6002019
Lương Định Của,S23_1,21.0026152,105.8338389
Đông Tác,S23_1,21.0021444,105.8336576
Chùa Bộc,S23_1,21.0145568,105.8194727
Tây Sơn,S23_1,21.1410048,105.505651
Đặng Tiến Đông,S23_1,21.0120931,105.8237897
Trần Quang Diệu,S23_1,21.0141287,105.824644
Võ Văn Dũng,S23_1,21.0159377,105.8238546
Hoàng Cầu,S23_1,21.0168611,105.8210004
Đê La Thành,S23_1,21.0188096,105.8300098
Giảng Võ,S23_1,21.0276338,105.8143492
Giang Văn Minh,S23_1,21.0340746,105.8271402
Kim Mã,S23_1,21.0304183,105.8142027
Nguyễn Thái Học,S23_1,21.0293108,105.8400223
Cửa Nam,S23_1,21.0226523,105.8508454
Phùng Hưng,S23_1,20.9633082,105.7964527
Phan Đình Phùng,S23_1,21.0417484,105.8356303
Hàng Đậu,S23_1,21.0405266,105.8490852
Trần Nhật Duật,S23_1,21.0375961,105.860363
Nguyễn Hữu Huân,S23_1,21.0329823,105.8544642
Lý Thái Tổ,S23_1,21.0296181,105.8553808
Ngô Quyền,S23_1,21.1430752,105.5005122
Hai Bà Trưng,S23_1,21.013109,105.8517903
Lê Thánh Tông,S23_1,21.0220204,105.85776
Trần Hưng Đạo,S23_1,21.0207798,105.8439367
Phan Huy Chú,S23_1,20.974767,105.7755902
Hàn Thuyên,S23_1,21.0188216,105.8575804
Lê Văn Hưu,S23_1,21.0179388,105.8540012
Ngô Thì Nhậm,S23_1,20.9748159,105.7667029
Nguyễn Công Trứ,S23_1,21.0122971,105.8530508
Nguyễn Công Trứ,S23_2,21.0122971,105.8530508
Lò Đúc,S23_2,21.0119284,105.8588031
Phan Chu Trinh,S23_2,21.0208397,105.8558574
Trần Hưng Đạo,S23_2,21.0207798,105.8439367
Lê Thánh Tông,S23_2,21.0220204,105.85776
Lý Thái Tổ,S23_2,21.0296181,105.8553808
Ngô Quyền,S23_2,21.1430752,105.5005122
Hàng Vôi,S23_2,21.0301831,105.8563219
Hàng Tre,S23_2,21.0331758,105.8551416
Hàng Muối,S23_2,21.0347069,105.85475
Trần Nhật Duật,S23_2,21.0375961,105.860363
Điểm trung chuyển Long Biên,S23_2,21.0413663,105.849467
Yên Phụ,S23_2,21.2208344,105.7344265
Hàng Than,S23_2,21.043674,105.8473101
Quán Thánh,S23_2,20.9540708,105.7600855
Hòe Nhai,S23_2,21.042051,105.8474881
Phan Đình Phùng,S23_2,21.0417484,105.8356303
Lý Nam Đế,S23_2,21.0350257,105.844972
Trần Phú,S23_2,20.8327858,105.6707384
Sơn Tây,S23_2,21.1410048,105.505651
Kim Mã,S23_2,21.0304183,105.8142027
Giảng Võ,S23_2,21.0276338,105.8143492
Đê La Thành,S23_2,21.0188096,105.8300098
Hoàng Cầu,S23_2,21.0168611,105.8210004
Võ Văn Dũng,S23_2,21.0159377,105.8238546
Trần Quang Diệu,S23_2,21.0141287,105.824644
Đặng Tiến Đông,S23_2,21.0120931,105.8237897
Tây Sơn,S23_2,21.1410048,105.505651
Chùa Bộc,S23_2,21.0145568,105.8194727
Đông Tác,S23_2,21.0021444,105.8336576
Lương Đình Của,S23_2,21.0026152,105.8338389
Phương Mai,S23_2,21.0383346,105.6002019
Giải Phóng,S23_2,20.9705226,105.8409731
Lê Thanh Nghị,S23_2,21.00338,105.8493399
Tạ Quang Bửu,S23_2,21.004273,105.8436986
Đại Cồ Việt,S23_2,21.0078431,105.8454488
Hoa Lư,S23_2,21.0254222,105.8465093
Lê Đại Hành,S23_2,21.0116945,105.8494932
Thái Phiên,S23_2,21.0105547,105.8509022
Phố Huế,S23_2,21.0175725,105.8514315
Nguyễn Công Trứ,S23_2,21.0122971,105.8530508
Long Biên,S24_1,21.0398713,105.8500216
Trần Nhật Duật,S24_1,21.0375961,105.860363
Trần Quang Khải,S24_1,21.0315748,105.8566532
Trần Khánh Dư,S24_1,21.0200801,105.8617023
Trung chuyển xe buýt Trần Khánh Dư,S24_1,,
Nguyễn Khoái,S24_1,21.0050866,105.8693687
Minh Khai,S24_1,21.0479764,105.7448067
Đại La,S24_1,20.9964989,105.8469589
Trường Chinh,S24_1,21.0447918,105.7883504
Ngã tư Sở,S24_1,21.0029772,105.8202406
Đường Láng,S24_1,21.0288761,105.8005012
Cầu Giấy,S24_1,21.0310271,105.7881335
Cầu Giấy,S24_2,21.0310271,105.7881335
Đường Láng,S24_2,21.0288761,105.8005012
Trường Chinh,S24_2,21.0447918,105.7883504
Đại La,S24_2,20.9964989,105.8469589
Minh Khai,S24_2,21.0479764,105.7448067
Vĩnh Tuy (quay đầu tại điểm mở trụ cầu H9,S24_2,,
T9),S24_2,21.0773647,105.7953588
Vĩnh Tuy,S24_2,20.9977533,105.8675317
Minh Khai,S24_2,21.0479764,105.7448067
Nguyễn Khoái,S24_2,21.0050866,105.8693687
Trần Khánh Dư,S24_2,21.0200801,105.8617023
Trần Quang Khải,S24_2,21.0315748,105.8566532
Trần Nhật Duật,S24_2,21.0375961,105.860363
Long Biên,S24_2,21.0398713,105.8500216
Điểm trung chuyển Long Biên,S24_2,21.0413663,105.849467
Long Biên,S24_2,21.0398713,105.8500216
BV Nhiệt đới TW CS2,S25_1,,
đường nội bộ KCN Bắc Thăng Long,S25_1,,
Hoàng Sa,S25_1,21.124407,105.8051335
Võ Nguyên Giáp,S25_1,,
cầu Nhật Tân,S25_1,21.0984937,105.8232896
Võ Chí Công,S25_1,21.0531379,105.8052115
Nguyễn Hoàng Tôn,S25_1,21.0738564,105.7999715
Lạc Long Quân,S25_1,21.0691418,105.8120304
đường Bưởi,S25_1,21.0357121,105.8062197
Đào Tấn,S25_1,21.0344665,105.8052462
Kim Mã,S25_1,21.0304183,105.8142027
Giảng Võ,S25_1,21.0276338,105.8143492
Hào Nam,S25_1,21.0265789,105.8277109
ô Chợ Dừa,S25_1,21.0235614,105.8267102
Xã Đàn,S25_1,20.8105226,105.7945126
Phạm Ngọc Thạch,S25_1,21.0108831,105.8369727
Đào Duy Anh,S25_1,21.0090322,105.838263
Giải Phóng,S25_1,20.9705226,105.8409731
Bến xe Giáp Bát,S25_1,20.9802359,105.8419987
Bến xe Giáp Bát,S25_2,20.9802359,105.8419987
Giải Phóng,S25_2,20.9705226,105.8409731
Xã Đàn,S25_2,20.8105226,105.7945126
Ô Chợ Dừa,S25_2,21.0235614,105.8267102
Hào Nam,S25_2,21.0265789,105.8277109
Giảng Võ,S25_2,21.0276338,105.8143492
Núi Trúc,S25_2,21.0304244,105.823137
Kim Mã,S25_2,21.0304183,105.8142027
Đào Tấn – Đường Bưởi,S25_2,,
Lạc Long Quân,S25_2,21.0691418,105.8120304
Nguyễn Hoàng Tôn,S25_2,21.0738564,105.7999715
Võ Chí Công,S25_2,21.0531379,105.8052115
Cầu Nhật Tân,S25_2,21.0984937,105.8232896
Võ Nguyên Giáp – cầu vượt Vĩnh Ngọc,S25_2,,
Hoàng Sa,S25_2,21.124407,105.8051335
đường nội bộ KNC Bắc Thăng Long,S25_2,,
BV Nhiệt đới TW CS2,S25_2,,
Mai Động (gần cổng vào Xí nghiệp xe khách Nam) – Nguyễn Tam Trinh – Đỗng Kim Ngưu – Cầu Lạc Trung – Thanh Nhàn – Lê Thanh Nghị – Giải Phóng – Xã Đàn – Phạm Ngọc Thạch – Chùa Bộc – Thái Hà – Huỳnh Thúc Kháng – Nguyễn Chí Thanh – Đê La Thành – Cầu Giấy – Điểm trung chuyển Cầu Giấy (hè trước tường rào Vườn thú Hà Nội) – Cầu Giấy – Xuân Thủy – Hồ Tùng Mậu – Quay đầu tại điểm mở đối diện cổng chính Nghĩa trang Mai Dịch – Hồ Tùng Mậu – Lê Đức Thọ – Sân vận động Quốc gia (quảng trường Sân vận động Quốc gia Mỹ Đình).,S26_1,,
Sân vận động Quốc gia (quảng trường Sân vận động Quốc gia Mỹ Đình) – Lê Đức Thọ – Hồ Tùng Mậu – Xuân Thủy – Cầu Giấy – Điểm trung chuyển Cầu Giấy (hè trước tường rào Trường Đại học Giao thông Vận tải) – Cầu Giấy (đường dưới) – Đê La Thành – Nguyễn Chí Thanh – Huỳnh Thúc Kháng – Thái Hà – Chùa Bộc – Phạm Ngọc Thạch – Xã Đàn – Hầm Kim Liên – Đại Cồ Việt – Tạ Quang Bửu – Lê Thanh Nghị – Thanh Nhàn – Kim Ngưu – Minh Khai – Tam Trinh – Cầu Ku1 – Nguyễn Tam Trinh – Mai Động (gần cổng vào Xí nghiệp xe khách Nam).,S26_2,,
Bến xe Yên Nghĩa,S27_1,20.9500695,105.7472806
Quốc lộ 6,S27_1,20.9290228,105.6815054
Ba La,S27_1,20.9041699,105.5876793
Quang Trung (Hà Đông),S27_1,20.972467,105.7773312
Trần Phú (Hà Đông),S27_1,20.976617,105.783598
Nguyễn Trãi,S27_1,20.9727763,105.7815108
cầu vượt Ngã Tư Sở,S27_1,21.0033752,105.820528
Tây Sơn,S27_1,21.1410048,105.505651
"quay đầu tại nút giao Tây Sơn, Thái Thịnh",S27_1,,
Tây Sơn,S27_1,21.1410048,105.505651
Đường Láng,S27_1,21.0288761,105.8005012
Nguyễn Chí Thanh,S27_1,21.0247616,105.8111746
Chùa Láng,S27_1,21.0238953,105.8026635
Huỳnh Thúc Kháng,S27_1,21.0237327,105.8036112
Cầu Giấy (đường trên),S27_1,,
Điểm trung chuyển xe buýt Cầu Giấy (hè trước tường rào Vườn thú Hà Nội),S27_1,,
Cầu Giấy,S27_1,21.0310271,105.7881335
Xuân Thủy,S27_1,20.9754069,105.9460249
Phạm Văn Đồng,S27_1,21.0654691,105.7849246
Đỗ Nhuận,S27_1,21.0682929,105.7874247
"Nam Thăng Long (điểm đỗ xe buýt trên đường Đỗ Nhuận, cạnh cổng công viên Hòa Bình).",S27_1,,
"Nam Thăng Long (điểm đỗ xe buýt trên đường Đỗ Nhuận, cạnh cổng công viên Hòa Bình)",S27_2,,
Đỗ Nhuận,S27_2,21.0682929,105.7874247
Quay đầu tại điểm mở,S27_2,,
Đỗ Nhuận,S27_2,21.0682929,105.7874247
Phạm Văn Đồng,S27_2,21.0654691,105.7849246
Xuân Thủy,S27_2,20.9754069,105.9460249
Cầu Giấy,S27_2,21.0310271,105.7881335
Cầu Giấy (đường dưới),S27_2,,
Điểm trung chuyển Cầu Giấy (hè trước tường rào Trường đại học giao thông vận tải),S27_2,,
Cầu Giấy (đường dưới),S27_2,,
Huỳnh Thúc Kháng,S27_2,21.0237327,105.8036112
Chùa Láng,S27_2,21.0238953,105.8026635
Nguyễn Chí Thanh,S27_2,21.0247616,105.8111746
Đường Láng,S27_2,21.0288761,105.8005012
Nguyễn Trãi,S27_2,20.9727763,105.7815108
Trần Phú (Hà Đông),S27_2,20.976617,105.783598
Quang Trung (Hà Đông),S27_2,20.972467,105.7773312
Ba La,S27_2,20.9041699,105.5876793
Quốc Lộ 6,S27_2,20.9290228,105.6815054
Bến xe Yên Nghĩa.,S27_2,20.9500711,105.7472652
Bến xe Nước Ngầm,S28_1,20.9647577,105.8422383
Ngọc Hồi,S28_1,20.9233689,105.8426967
Giải Phóng,S28_1,20.9705226,105.8409731
Quảng trường Bx Giáp Bát,S28_1,,
Giải Phóng,S28_1,20.9705226,105.8409731
Xã Đàn,S28_1,20.8105226,105.7945126
Ô Chợ Dừa,S28_1,21.0235614,105.8267102
Hoàng Cầu,S28_1,21.0168611,105.8210004
Đê La Thành,S28_1,21.0188096,105.8300098
Giảng Võ,S28_1,21.0276338,105.8143492
"Quay đầu tại đối diện số 215, 217 Giảng Võ",S28_1,,
Giảng Võ,S28_1,21.0276338,105.8143492
Ngọc Khánh,S28_1,21.0276107,105.8110365
Kim Mã,S28_1,21.0304183,105.8142027
Quay đầu tại số nhà 295 Kim Mã,S28_1,,
Kim Mã,S28_1,21.0304183,105.8142027
Kim Mã (đường dưới),S28_1,21.0308599,105.8166626
Liễu Giai,S28_1,21.0380016,105.8169294
Nguyễn Chí Thanh,S28_1,21.0247616,105.8111746
Đê La Thành,S28_1,21.0188096,105.8300098
Cầu giấy (đường trên),S28_1,,
Điểm trung chuyển Cầu Giấy (hè trước tường rào vườn thú Hà Nội),S28_1,,
Cầu Giấy,S28_1,21.0310271,105.7881335
Trần Đăng Ninh,S28_1,20.9646761,105.7691528
Nguyễn Khánh Toàn,S28_1,21.0383475,105.8002309
đường mới (cạnh công viên Nghĩa Đô),S28_1,,
Chùa Hà,S28_1,21.0371673,105.7951809
Tô Hiệu,S28_1,20.8045929,105.8862229
Nguyễn Phong Sắc,S28_1,21.0409593,105.7904242
Trần Cung,S28_1,21.0469502,105.7890455
Phạm Văn Đồng,S28_1,21.0654691,105.7849246
rẽ trái tại vòng xuyến (đối diện khu đô thị Ciputra),S28_1,,
Tân Xuân (đường nhỏ),S28_1,,
Tân Xuân,S28_1,21.0868383,105.7857877
Hoàng Tăng Bí,S28_1,21.0819031,105.7842532
Đức Thắng,S28_1,21.0779681,105.7756635
"Đại học Mỏ Địa Chất (Phố Viên, điểm đầu cuối tuyến 31)",S28_1,,
Đại học Mỏ Địa Chất,S28_2,,
Đức Thắng,S28_2,21.0779681,105.7756635
Hoàng Tăng Bí,S28_2,21.0819031,105.7842532
chân cầu Thăng Long (Tân Xuân),S28_2,,
Tân Xuân,S28_2,21.0868383,105.7857877
Phạm Văn Đồng,S28_2,21.0654691,105.7849246
Trần Cung,S28_2,21.0469502,105.7890455
Nguyễn Phong Sắc,S28_2,21.0409593,105.7904242
Tô Hiệu,S28_2,20.8045929,105.8862229
Chùa Hà,S28_2,21.0371673,105.7951809
Trần Đăng Ninh,S28_2,20.9646761,105.7691528
Cầu Giấy – Điểm trung chuyển cầu giấy ( Hè trước tường rào vườn thú Hà Nội),S28_2,,
Cầu Giấy( đường dưới),S28_2,,
Chùa Láng,S28_2,21.0238953,105.8026635
Nguyễn Chí Thanh,S28_2,21.0247616,105.8111746
Liễu Giai,S28_2,21.0380016,105.8169294
Kim Mã (đường dưới),S28_2,21.0308599,105.8166626
Kim Mã,S28_2,21.0304183,105.8142027
Ngọc Khánh,S28_2,21.0276107,105.8110365
Giảng Võ,S28_2,21.0276338,105.8143492
Đê La Thành,S28_2,21.0188096,105.8300098
Hoàng Cầu,S28_2,21.0168611,105.8210004
Ô Chợ Dừa,S28_2,21.0235614,105.8267102
Xã Đàn,S28_2,20.8105226,105.7945126
Phạm Ngọc Thạch,S28_2,21.0108831,105.8369727
Đào Duy Anh,S28_2,21.0090322,105.838263
Giải Phóng,S28_2,20.9705226,105.8409731
Ngọc Hồi,S28_2,20.9233689,105.8426967
Bến xe Nước Ngầm,S28_2,20.9647577,105.8422383
Bến xe Giáp Bát,S29_1,20.9802359,105.8419987
Giải Phóng,S29_1,20.9705226,105.8409731
Kim Đồng,S29_1,21.0181821,105.8475741
Trương Định,S29_1,21.0369867,105.8357925
Giải Phóng,S29_1,20.9705226,105.8409731
Nguyễn Hữu Thọ,S29_1,20.9689294,105.8287408
Nghiêm Xuân Yêm,S29_1,20.9689977,105.829234
Nguyễn Xiển,S29_1,20.9873889,105.8054552
Nguyễn Trãi,S29_1,20.9727763,105.7815108
quay đầu tại đối diện ngõ 241 Nguyễn Trãi,S29_1,,
Nguyễn Trãi,S29_1,20.9727763,105.7815108
Nguyễn Tuân,S29_1,20.996022,105.8056939
Hoàng Minh Giám,S29_1,21.0056904,105.7974136
Nguyễn Chánh,S29_1,21.0077439,105.7957821
vòng xuyến Nguyễn Chánh,S29_1,,
Nguyễn Chánh,S29_1,21.0077439,105.7957821
Dương Đình Nghệ,S29_1,21.0237269,105.7909272
Phạm Hùng,S29_1,21.0240285,105.7784792
Hồ Tùng Mậu,S29_1,21.0387676,105.770769
Đường Cầu Diễn,S29_1,21.0503927,105.7384972
Phố Nhổn,S29_1,21.0560649,105.7300174
Quốc lộ 32,S29_1,21.0862487,105.6336723
Ngã 4 Trạm Trôi,S29_1,,
Tân Lập,S29_1,20.8059722,105.64444
Tân Lập (Sân bóng xã Tân Lập),S29_1,,
"Tân Lập (bãi đỗ xe gần cầu Xây, xã Tân Lập)",S29_2,,
Tỉnh lộ 422,S29_2,20.8692799,105.8633932
Ngã tư Trạm Trôi,S29_2,,
Quốc lộ 32,S29_2,21.0862487,105.6336723
Phố Nhổn,S29_2,21.0560649,105.7300174
Đường Cầu Diễn,S29_2,21.0503927,105.7384972
Hồ Tùng Mậu,S29_2,21.0387676,105.770769
Phạm Hùng,S29_2,21.0240285,105.7784792
Quay đầu tại Lanmark 72,S29_2,,
Phạm Hùng,S29_2,21.0240285,105.7784792
Dương Đình Nghệ,S29_2,21.0237269,105.7909272
Nguyễn Chánh,S29_2,21.0077439,105.7957821
"vòng xuyến Nguyễn Chánh, Nam Trung Yên",S29_2,,
Nguyễn Chánh,S29_2,21.0077439,105.7957821
Hoàng Minh Giám,S29_2,21.0056904,105.7974136
Nguyễn Tuân,S29_2,20.996022,105.8056939
Nguyễn Trãi,S29_2,20.9727763,105.7815108
Nguyễn Xiển,S29_2,20.9873889,105.8054552
Nghiêm Xuân Yêm,S29_2,20.9689977,105.829234
Cầu Dậu,S29_2,20.9709075,105.825004
Nguyễn Hữu Thọ,S29_2,20.9689294,105.8287408
Giải Phóng,S29_2,20.9705226,105.8409731
Quay đầu tại chùa Pháp Vân,S29_2,,
Giải Phóng,S29_2,20.9705226,105.8409731
Bến xe Giáp Bát.,S29_2,20.9802359,105.8419987
Khu đô thị Gamuda (đối diện tòa nhà CT1 Gamuda),S30_1,,
đường nội bộ Khu đô thị Gamuda,S30_1,,
đường nội bộ Khu đô thị Geleximco,S30_1,,
đường vào Bệnh viện dã chiến,S30_1,,
Nguyễn Tam Trinh,S30_1,,
Đông Kim Ngưu,S30_1,20.9806859,105.8638519
Lò Đúc,S30_1,21.0119284,105.8588031
Trần Xuân Soạn,S30_1,21.017044,105.8542896
Trần Nhân Tông,S30_1,21.0171492,105.8473932
Lê Duẩn,S30_1,21.0141054,105.8413865
Khâm Thiên,S30_1,21.0185213,105.8389325
Ô Chợ Dừa,S30_1,21.0235614,105.8267102
Hoàng Cầu,S30_1,21.0168611,105.8210004
Thái Hà,S30_1,21.0145568,105.8194727
Láng Hạ,S30_1,21.0166748,105.8104708
Lê Văn Lương,S30_1,21.0016666,105.7994074
Hoàng Minh Giám,S30_1,21.0056904,105.7974136
Nguyễn Chánh,S30_1,21.0077439,105.7957821
"Vòng xuyến Nguyễn Chánh, Nam Trung Yên",S30_1,,
Nguyễn Chánh,S30_1,21.0077439,105.7957821
Dương Đình Nghệ,S30_1,21.0237269,105.7909272
Phạm Hùng,S30_1,21.0240285,105.7784792
Quay đầu trước Bến xe Mỹ Đình,S30_1,,
Bến xe Mỹ Đình,S30_1,21.0284046,105.7783143
Bến xe Mỹ Đình,S30_2,21.0284046,105.7783143
Phạm Hùng,S30_2,21.0240285,105.7784792
Quay đầu tại đối diện Landmark 72,S30_2,,
Phạm Hùng,S30_2,21.0240285,105.7784792
Dương Đình Nghệ,S30_2,21.0237269,105.7909272
Nguyễn Chánh,S30_2,21.0077439,105.7957821
"Vòng xuyến Nguyễn Chánh, Nam Trung Yên",S30_2,,
Nguyễn Chánh,S30_2,21.0077439,105.7957821
Hoàng Minh Giám,S30_2,21.0056904,105.7974136
Nguyễn Thị Thập,S30_2,21.0063394,105.8019797
Hoàng Đạo Thúy,S30_2,21.0104232,105.7993878
Lê Văn Lương,S30_2,21.0016666,105.7994074
Láng Hạ,S30_2,21.0166748,105.8104708
Thái Hà,S30_2,21.0145568,105.8194727
Yên Lãng,S30_2,21.1709072,105.6641008
quay đầu tại điểm mở đối diện 31 Yên Lãng,S30_2,,
Yên Lãng,S30_2,21.1709072,105.6641008
Hoàng Cầu,S30_2,21.0168611,105.8210004
Ô Chợ Dừa,S30_2,21.0235614,105.8267102
Xã Đàn,S30_2,20.8105226,105.7945126
Quay đầu tại đối diện ngõ Xã Đàn 2,S30_2,,
Xã Đàn,S30_2,20.8105226,105.7945126
Khâm Thiên,S30_2,21.0185213,105.8389325
Lê Duẩn,S30_2,21.0141054,105.8413865
Trần Nhân Tông,S30_2,21.0171492,105.8473932
Trần Xuân Soạn,S30_2,21.017044,105.8542896
Ngô Thì Nhậm,S30_2,20.9748159,105.7667029
Nguyễn Công Trứ,S30_2,21.0122971,105.8530508
Lò Đúc,S30_2,21.0119284,105.8588031
Kim Ngưu,S30_2,20.9913679,105.8628087
Tam Trinh,S30_2,20.9639031,105.8645723
cầu Ku1,S30_2,20.9910671,105.8628711
Nguyễn Tam Trinh,S30_2,,
đường vào Bệnh viện dã chiến,S30_2,,
đường nội bộ Khu đô thị Geleximco,S30_2,,
đường nội bộ Khu đô thị Gamuda,S30_2,,
Khu đô thị Gamuda (đối diện tòa nhà CT1 Gamuda),S30_2,,
Đại học Bách Khoa,S31_1,21.0067276,105.8450354
Trần Đại Nghĩa,S31_1,21.0063852,105.8419795
Lê Thanh Nghị,S31_1,21.00338,105.8493399
Tạ Quang Bửu,S31_1,21.004273,105.8436986
Đại Cồ Việt,S31_1,21.0078431,105.8454488
Phố Huế,S31_1,21.0175725,105.8514315
Hàng Bài,S31_1,21.2190579,105.8044681
Lý Thường Kiệt,S31_1,20.9630163,105.7665612
Phan Chu Trinh,S31_1,21.0208397,105.8558574
Lý Thái Tổ,S31_1,21.0296181,105.8553808
Ngô Quyền,S31_1,21.1430752,105.5005122
Hàng Vôi,S31_1,21.0301831,105.8563219
Hàng Tre,S31_1,21.0331758,105.8551416
Hàng Muối,S31_1,21.0347069,105.85475
Trần Nhật Duật,S31_1,21.0375961,105.860363
Điểm trung chuyển Long Biên,S31_1,21.0413663,105.849467
Yên Phụ,S31_1,21.2208344,105.7344265
Nghi Tàm,S31_1,21.0067943,105.7864181
Âu Cơ,S31_1,20.8921645,105.7662985
Nhật Tân,S31_1,21.0835508,105.816131
An Dương Vương,S31_1,21.0809298,105.8160966
"Đường Đông Ngạc (69) – Thụy Phương – Đức Thắng,Cổ Nhuế",S31_1,,
Chèm (Đại học Mỏ),S31_1,,
Chèm (Đại học Mỏ),S31_2,,
"Đường 69(Đức Thắng, Cổ Nhuế)",S31_2,,
Đường Thuỵ Phương,S31_2,21.0900454,105.7775727
Đường Đông Ngạc,S31_2,21.0922903,105.7818826
Tân Xuân,S31_2,21.0868383,105.7857877
An Dương Vương,S31_2,21.0809298,105.8160966
Âu Cơ,S31_2,20.8921645,105.7662985
Nghi Tàm,S31_2,21.0067943,105.7864181
Yên Phụ (đường dành riêng cho xe buýt),S31_2,,
Điểm trung chuyển Long Biên,S31_2,21.0413663,105.849467
Hàng Đậu,S31_2,21.0405266,105.8490852
Quán Thánh,S31_2,20.9540708,105.7600855
Hàng Cót,S31_2,,
Hàng Lược,S31_2,21.0382046,105.8476042
Chả Cá,S31_2,21.0356908,105.8491944
Hàng Cân,S31_2,21.0346428,105.8496624
Lương Văn Can,S31_2,21.0335548,105.8500938
Hàng Gai,S31_2,21.0320272,105.8491961
Hàng Trống,S31_2,21.0260139,105.8492217
Lê Thái Tổ,S31_2,21.0298332,105.8512251
Bà Triệu,S31_2,21.0127276,105.8483535
Đại Cồ Việt,S31_2,21.0078431,105.8454488
Quay đầu tại đối diện số nhà 100 Đại Cồ Việt,S31_2,,
Đại Cồ Việt,S31_2,21.0078431,105.8454488
Tạ Quang Bửu,S31_2,21.004273,105.8436986
Lê Thanh Nghị,S31_2,21.00338,105.8493399
Trần Đại Nghĩa,S31_2,21.0063852,105.8419795
Đại học Bách Khoa,S31_2,21.0067276,105.8450354
Bến xe Giáp Bát,S32_1,20.9802359,105.8419987
Giải Phóng,S32_1,20.9705226,105.8409731
Lê Duẩn,S32_1,21.0141054,105.8413865
Trần Nhân Tông,S32_1,21.0171492,105.8473932
Trần Bình Trọng,S32_1,21.01815,105.8438231
Trần Hưng Đạo,S32_1,21.0207798,105.8439367
Quán Sứ,S32_1,10.8643598,106.7998835
Hai Bà Trưng,S32_1,21.013109,105.8517903
Thợ Nhuộm,S32_1,21.0272855,105.8446293
Điện Biên Phủ,S32_1,21.0341251,105.8377505
Trần Phú,S32_1,20.8327858,105.6707384
Kim Mã,S32_1,21.0304183,105.8142027
Đào Tấn,S32_1,21.0344665,105.8052462
Đường Bưởi,S32_1,21.0357121,105.8062197
Điểm trung chuyển Cầu Giấy,S32_1,21.0294603,105.8027634
Cầu Giấy,S32_1,21.0310271,105.7881335
Xuân Thuỷ,S32_1,20.9754069,105.9460249
Hồ Tùng Mậu,S32_1,21.0387676,105.770769
đường Cầu Diễn,S32_1,21.0503927,105.7384972
Nhổn (điểm trung chuyển xe buýt Nhổn).,S32_1,,
Nhổn (điểm trung chuyển xe buýt Nhổn),S32_2,,
đường Cầu Diễn,S32_2,21.0503927,105.7384972
Hồ Tùng Mậu,S32_2,21.0387676,105.770769
Xuân Thuỷ,S32_2,20.9754069,105.9460249
Cầu Giấy,S32_2,21.0310271,105.7881335
Điểm trung chuyển Cầu Giấy,S32_2,21.0294603,105.8027634
Kim Mã,S32_2,21.0304183,105.8142027
Nguyễn Thái Học,S32_2,21.0293108,105.8400223
Lê Duẩn,S32_2,21.0141054,105.8413865
Giải Phóng,S32_2,20.9705226,105.8409731
Bến xe Giáp Bát.,S32_2,20.9802359,105.8419987
Bến xe Giáp Bát,S32TC_1,20.9802359,105.8419987
Giải Phóng,S32TC_1,20.9705226,105.8409731
Đại La,S32TC_1,20.9964989,105.8469589
Minh Khai,S32TC_1,21.0479764,105.7448067
cầu Vĩnh Tuy – Đàm Quang Trung,S32TC_1,,
Nguyễn Văn Linh – Lý Sơn – Trường Sa,S32TC_1,,
Trung tâm triển lãm Việt Nam,S32TC_1,21.0864312,105.8629828
Trung tâm triển lãm Việt Nam – Trường Sa – Lý Sơn,S32TC_2,,
Nguyễn Văn Linh – Đàm Quang Trung,S32TC_2,,
cầu Vĩnh Tuy,S32TC_2,21.0132594,105.8851492
Minh Khai,S32TC_2,21.0479764,105.7448067
Đại La,S32TC_2,20.9964989,105.8469589
Giải Phóng,S32TC_2,20.9705226,105.8409731
quay đầu tại ngã 3 Giải Phóng,S32TC_2,,
Giải Phóng,S32TC_2,20.9705226,105.8409731
Bến xe Giáp Bát,S32TC_2,20.9802359,105.8419987
Cụm công nghiệp Thanh Oai (cạnh tường rào công ty B.Braun Việt Nam),S33_1,,
đường nội bộ Cụm công nghiệp Thanh Oai,S33_1,,
Quốc lộ 21B,S33_1,20.7827123,105.7764953
Quang Trung (Hà Đông),S33_1,20.972467,105.7773312
Chu Văn An (Hà Đông),S33_1,20.9733369,105.7788457
Tố Hữu,S33_1,20.9843598,105.7732219
Trung Thư,S33_1,21.0258657,105.8949319
Ngõ 100 Trung Văn,S33_1,20.9944414,105.7786451
đường Cương Kiên,S33_1,20.9952881,105.7784954
cầu vượt Mễ Trì,S33_1,21.0047335,105.7828114
đường Miếu Đầm,S33_1,21.0066367,105.7823202
Đỗ Đức Dục,S33_1,21.0092691,105.7828681
Phạm Hùng,S33_1,21.0240285,105.7784792
Phạm Văn Đồng,S33_1,21.0654691,105.7849246
Hoàng Quốc Việt,S33_1,21.0531725,105.7817224
ĐTC Hoàng Quốc Việt,S33_1,,
Bưởi,S33_1,21.0299966,105.3172973
Lạc Long Quân,S33_1,21.0691418,105.8120304
Nguyễn Hoàng Tôn,S33_1,21.0738564,105.7999715
Võ Chí Công,S33_1,21.0531379,105.8052115
Xuân La,S33_1,21.0606058,105.8044433
Xuân Đỉnh (Trường ĐH Nội Vụ Hà Nội),S33_1,,
Xuân Đỉnh (Trường Đại học Nội Vụ Hà Nội),S33_2,,
Xuân La,S33_2,21.0606058,105.8044433
Võ Chí Công,S33_2,21.0531379,105.8052115
Nguyễn Hoàng Tôn,S33_2,21.0738564,105.7999715
Lạc Long Quân,S33_2,21.0691418,105.8120304
Hoàng Quốc Việt,S33_2,21.0531725,105.7817224
ĐTC Hoàng Quốc Việt,S33_2,,
Phạm Văn Đồng,S33_2,21.0654691,105.7849246
Phạm Hùng,S33_2,21.0240285,105.7784792
Bến xe Mỹ Đình,S33_2,21.0284046,105.7783143
Phạm Hùng,S33_2,21.0240285,105.7784792
Đỗ Đức Dục,S33_2,21.0092691,105.7828681
đường Miếu Đầm,S33_2,21.0066367,105.7823202
cầu vượt Mễ Trì,S33_2,21.0047335,105.7828114
đường Cương Kiên,S33_2,20.9952881,105.7784954
Trung Văn,S33_2,20.9910797,105.7926402
Tố Hữu,S33_2,20.9843598,105.7732219
Chu Văn An (Hà Đông),S33_2,20.9733369,105.7788457
Quang Trung (Hà Đông),S33_2,20.972467,105.7773312
Quốc lộ 21B,S33_2,20.7827123,105.7764953
đường nội bộ Cụm công nghiệp Thanh Oai,S33_2,,
Cụm công nghiệp Thanh Oai (cạnh tường rào công ty B.Braun Việt Nam),S33_2,,
Bến xe Mỹ Đình,S34_1,21.0284046,105.7783143
Phạm Hùng,S34_1,21.0240285,105.7784792
Xuân Thủy,S34_1,20.9754069,105.9460249
Cầu Giấy,S34_1,21.0310271,105.7881335
Điểm trung chuyển xe buýt Cầu Giấy,S34_1,,
Kim Mã,S34_1,21.0304183,105.8142027
Liễu Giai,S34_1,21.0380016,105.8169294
Kim Mã,S34_1,21.0304183,105.8142027
Nguyễn Thái Học,S34_1,21.0293108,105.8400223
Phan Bội Châu,S34_1,21.0246406,105.8430022
Hai Bà Trưng,S34_1,21.013109,105.8517903
Phan Chu Trinh,S34_1,21.0208397,105.8558574
Lý Thái Tổ,S34_1,21.0296181,105.8553808
Ngô Quyền,S34_1,21.1430752,105.5005122
Hàng Vôi,S34_1,21.0301831,105.8563219
Hàng Tre,S34_1,21.0331758,105.8551416
Hàng Muối,S34_1,21.0347069,105.85475
Trần Nhật Duật,S34_1,21.0375961,105.860363
Cầu Chương Dương,S34_1,21.0375961,105.860363
Nguyễn Văn Cừ,S34_1,21.0541322,105.8856779
Nguyễn Sơn,S34_1,21.0369497,105.8989779
Ngọc Lâm,S34_1,21.0507862,105.8846737
Ngô Gia Khảm,S34_1,21.0482146,105.8766036
Bến xe Gia Lâm,S34_1,21.0485414,105.8789776
Bến xe Gia Lâm,S34_2,21.0485414,105.8789776
Ngô Gia Khảm,S34_2,21.0482146,105.8766036
Ngọc Lâm,S34_2,21.0507862,105.8846737
Nguyễn Văn Cừ,S34_2,21.0541322,105.8856779
Cầu Chương Dương,S34_2,21.0375961,105.860363
Trần Quang Khải,S34_2,21.0315748,105.8566532
Tràng Tiền,S34_2,21.0271958,105.8565753
Ngô Quyền,S34_2,21.1430752,105.5005122
Hai Bà Trưng,S34_2,21.013109,105.8517903
Thợ Nhuộm,S34_2,21.0272855,105.8446293
Điện Điên Phủ,S34_2,21.0329471,105.8400981
Trần Phú,S34_2,20.8327858,105.6707384
Kim Mã,S34_2,21.0304183,105.8142027
Đào Tấn,S34_2,21.0344665,105.8052462
Bưởi,S34_2,21.0299966,105.3172973
Điểm trung chuyển Cầu Giấy,S34_2,21.0294603,105.8027634
Cầu Giấy,S34_2,21.0310271,105.7881335
Xuân Thủy,S34_2,20.9754069,105.9460249
Phạm Hùng,S34_2,21.0240285,105.7784792
Bến xe Mỹ Đình,S34_2,21.0284046,105.7783143
Trần Khánh Dư,S35A_1,21.0200801,105.8617023
Trần Hưng Đạo,S35A_1,21.0207798,105.8439367
Bà Triệu,S35A_1,21.0127276,105.8483535
Đại Cồ Việt,S35A_1,21.0078431,105.8454488
Hầm Kim Liên,S35A_1,21.0085227,105.8392394
Xã Đàn,S35A_1,20.8105226,105.7945126
Phạm Ngọc Thạch,S35A_1,21.0108831,105.8369727
Chùa Bộc,S35A_1,21.0145568,105.8194727
Thái Hà,S35A_1,21.0145568,105.8194727
Huỳnh Thúc Kháng,S35A_1,21.0237327,105.8036112
Nguyễn Chí Thanh,S35A_1,21.0247616,105.8111746
Trần Duy Hưng,S35A_1,21.005215,105.7988957
Phạm Hùng,S35A_1,21.0240285,105.7784792
Phạm Văn Đồng,S35A_1,21.0654691,105.7849246
Đỗ Nhuận,S35A_1,21.0682929,105.7874247
Nam Thăng Long.,S35A_1,21.0658941,105.7886999
Nam Thăng Long – Đỗ Nhuận – Đỗ Nhuận,S35A_2,21.0658941,105.7886999
Phạm Văn Đồng,S35A_2,21.0654691,105.7849246
Phạm Hùng,S35A_2,21.0240285,105.7784792
Trần Duy Hưng,S35A_2,21.005215,105.7988957
Nguyễn Chí Thanh,S35A_2,21.0247616,105.8111746
Huỳnh Thúc Kháng,S35A_2,21.0237327,105.8036112
Thái Hà,S35A_2,21.0145568,105.8194727
Chùa Bộc,S35A_2,21.0145568,105.8194727
Phạm Ngọc Thạch,S35A_2,21.0108831,105.8369727
Đào Duy Anh,S35A_2,21.0090322,105.838263
Hoàng Tích Trí,S35A_2,21.0089256,105.8369224
Xã Đàn,S35A_2,20.8105226,105.7945126
Hầm Kim Liên,S35A_2,21.0085227,105.8392394
Đại Cồ Việt,S35A_2,21.0078431,105.8454488
Phố Huế,S35A_2,21.0175725,105.8514315
Hàng Bài,S35A_2,21.2190579,105.8044681
Trần Hưng Đạo,S35A_2,21.0207798,105.8439367
Phan Chu Trinh,S35A_2,21.0208397,105.8558574
Tràng Tiền,S35A_2,21.0271958,105.8565753
Trần Khánh Dư,S35A_2,21.0200801,105.8617023
"Nam Thăng Long (Điểm đỗ xe buýt trên đường Đỗ Nhuận, cạnh công viên Hòa Bình)",S35B_1,,
Đỗ Nhuận,S35B_1,21.0682929,105.7874247
Phạm Văn Đồng,S35B_1,21.0654691,105.7849246
Cầu Thăng Long,S35B_1,21.1012362,105.7867927
Võ Văn Kiệt,S35B_1,21.1341757,105.7785848
Ngã Tư Nam Hồng,S35B_1,21.1583269,105.7794896
Rẽ phải vào quốc lộ 23B,S35B_1,,
Quay đầu tại đảo tròn phía Đông Anh,S35B_1,,
Cầu Vượt Nam Hồng,S35B_1,21.1593989,105.7794783
Quốc lộ 23B,S35B_1,20.8506059,105.8710403
"Thanh Lâm (Bãi đỗ xe Thanh Lâm, Mê Linh).",S35B_1,,
Thanh Lâm (bãi đỗ xe Thanh Lâm),S35B_2,,
Quốc lộ 23B,S35B_2,20.8506059,105.8710403
Ngã tư Nam Hồng,S35B_2,21.1583269,105.7794896
Võ Văn Kiệt,S35B_2,21.1341757,105.7785848
Cầu Thăng Long,S35B_2,21.1012362,105.7867927
Phạm Văn Đồng,S35B_2,21.0654691,105.7849246
Quay đầu tại điểm mở đối diện OCT3 khu đô thị Handivesco,S35B_2,,
Phạm Văn Đồng,S35B_2,21.0654691,105.7849246
Đỗ Nhuận,S35B_2,21.0682929,105.7874247
"Nam Thăng Long (điểm đỗ xe buýt trên đường Đỗ Nhuận, cạnh cổng công viên Hòa Bình).",S35B_2,,
Yên Phụ (Điểm trung chuyển Long Biên),S36_1,,
Hàng Đậu,S36_1,21.0405266,105.8490852
Hàng Cót,S36_1,,
Hàng Gà,S36_1,21.0354958,105.8470494
Hàng Điếu,S36_1,21.0328143,105.846922
Đường Thành,S36_1,21.1367404,105.4194039
Phủ Doãn,S36_1,21.0283693,105.8469973
Triệu Quốc Đạt,S36_1,21.0264581,105.847602
Hai Bà Trưng,S36_1,21.013109,105.8517903
Bà Triệu,S36_1,21.0127276,105.8483535
Lê Đại Hành,S36_1,21.0116945,105.8494932
Đại Cồ Việt,S36_1,21.0078431,105.8454488
Bạch Mai,S36_1,21.0027037,105.8516077
Trương Định,S36_1,21.0369867,105.8357925
Giải Phóng,S36_1,20.9705226,105.8409731
Nguyễn Hữu Thọ,S36_1,20.9689294,105.8287408
Nguyễn Duy Trinh,S36_1,20.9642798,105.8337473
Khu đô thị Linh Đàm,S36_1,20.9641873,105.8315584
Khu đô thị Linh Đàm,S36_2,20.9641873,105.8315584
Nguyễn Duy Trinh,S36_2,20.9642798,105.8337473
Nguyễn Hữu Thọ,S36_2,20.9689294,105.8287408
Giải Phóng,S36_2,20.9705226,105.8409731
Quay đầu tại chùa Pháp Vân,S36_2,,
Giải Phóng,S36_2,20.9705226,105.8409731
Trương Định,S36_2,21.0369867,105.8357925
Bạch Mai,S36_2,21.0027037,105.8516077
Phố Huế,S36_2,21.0175725,105.8514315
Hàng Bài,S36_2,21.2190579,105.8044681
Hai Bà Trưng,S36_2,21.013109,105.8517903
Quán Sứ,S36_2,10.8643598,106.7998835
Hàng Da,S36_2,21.0307331,105.8466622
Đường Thành,S36_2,21.1367404,105.4194039
Phùng Hưng,S36_2,20.9633082,105.7964527
Phùng Hưng (đường trong),S36_2,,
Phan Đình Phùng,S36_2,21.0417484,105.8356303
Hàng Đậu,S36_2,21.0405266,105.8490852
Trần Nhật Duật,S36_2,21.0375961,105.860363
Quay đầu tại đầu phố Hàng Khoai,S36_2,,
Trần Nhật Duật,S36_2,21.0375961,105.860363
Yên Phụ (điểm trung chuyển Long Biên),S36_2,,
Bến xe Giáp Bát,S37_1,20.9802359,105.8419987
Giải Phóng,S37_1,20.9705226,105.8409731
Kim Đồng,S37_1,21.0181821,105.8475741
Trương Định,S37_1,21.0369867,105.8357925
Giải Phóng,S37_1,20.9705226,105.8409731
Ngọc Hồi,S37_1,20.9233689,105.8426967
"nút giao Ngọc Hồi, Hoàng Liệt",S37_1,,
Hoàng Liệt,S37_1,20.9622226,105.8305949
Khu đô thị Linh Đàm,S37_1,20.9641873,105.8315584
Nguyễn Duy Trinh,S37_1,20.9642798,105.8337473
Nguyễn Hữu Thọ,S37_1,20.9689294,105.8287408
Nghiêm Xuân Yêm,S37_1,20.9689977,105.829234
Đại lộ Chu Văn An,S37_1,20.977458,105.8115466
Ngã ba Xa La,S37_1,20.9647214,105.7939392
Viện 103,S37_1,21.086578,105.9190616
Phùng Hưng (Hà Đông),S37_1,20.9633082,105.7964527
Cầu Đen,S37_1,20.9711218,105.7824649
Tô Hiệu,S37_1,20.8045929,105.8862229
Quang Trung (Hà Đông),S37_1,20.972467,105.7773312
Ba La,S37_1,20.9041699,105.5876793
Quốc Lộ 6,S37_1,20.9290228,105.6815054
Yên Nghĩa,S37_1,20.9497797,105.7484253
Đồng Mai,S37_1,20.927089,105.739803
Cầu Mai Lĩnh,S37_1,20.9367506,105.7273762
Biên Giang,S37_1,20.9295202,105.7223742
"Chương Mỹ (cạnh công ty TNHH Vật tư và kết cấu thép, xã Ngọc Hòa, Chương Mỹ)",S37_1,,
"Chương Mỹ (cạnh công ty TNHH Vật tư và kết cấu thép, xã Ngọc Hòa, Chương Mỹ)",S37_2,,
Biên Giang,S37_2,20.9295202,105.7223742
Cầu Mai Lĩnh,S37_2,20.9367506,105.7273762
Đồng Mai,S37_2,20.927089,105.739803
Yên Nghĩa,S37_2,20.9497797,105.7484253
Quốc Lộ 6,S37_2,20.9290228,105.6815054
Ba La,S37_2,20.9041699,105.5876793
Quang Trung (Hà Đông),S37_2,20.972467,105.7773312
Tô Hiệu,S37_2,20.8045929,105.8862229
Cầu Đen,S37_2,20.9711218,105.7824649
Phùng Hưng (Hà Đông),S37_2,20.9633082,105.7964527
Viện 103,S37_2,21.086578,105.9190616
Đường Cầu Bươu,S37_2,20.96093,105.8006973
Ngã ba Xa La,S37_2,20.9647214,105.7939392
Đại lộ Chu Văn An,S37_2,20.977458,105.8115466
Nghiêm Xuân Yêm,S37_2,20.9689977,105.829234
Nguyễn Hữu Thọ,S37_2,20.9689294,105.8287408
Nguyễn Duy Trinh,S37_2,20.9642798,105.8337473
KĐT Linh Đàm,S37_2,20.9681919,105.82714
Hoàng Liệt,S37_2,20.9622226,105.8305949
Ngọc Hồi,S37_2,20.9233689,105.8426967
Quay đầu tại ngõ 15 Ngọc Hồi,S37_2,,
Ngọc Hồi,S37_2,20.9233689,105.8426967
Giải Phóng,S37_2,20.9705226,105.8409731
Bến xe Giáp Bát,S37_2,20.9802359,105.8419987
"Nam Thăng Long (điểm đỗ xe buýt trên đường Đỗ Nhuận, cạnh cổng công viên Hòa Bình)",S38_1,,
Đỗ Nhuận,S38_1,21.0682929,105.7874247
quay đầu tại điểm mở,S38_1,,
Đỗ Nhuận,S38_1,21.0682929,105.7874247
Phạm Văn Đồng,S38_1,21.0654691,105.7849246
Hoàng Quốc Việt,S38_1,21.0531725,105.7817224
Nguyễn Văn Huyên,S38_1,21.038326,105.7978038
Nguyễn Khánh Toàn,S38_1,21.0383475,105.8002309
Bưởi (đường dưới),S38_1,,
Cầu Giấy,S38_1,21.0310271,105.7881335
Điểm trung chuyển xe buýt Cầu Giấy (hè trước tường rào Trường Đại học Giao thông vận tải),S38_1,,
Kim Mã,S38_1,21.0304183,105.8142027
Liễu Giai,S38_1,21.0380016,105.8169294
Kim Mã (đường dưới),S38_1,21.0308599,105.8166626
Kim Mã,S38_1,21.0304183,105.8142027
Trần Huy Liệu,S38_1,21.0293758,105.8208969
Giảng Võ,S38_1,21.0276338,105.8143492
Giang Văn Minh,S38_1,21.0340746,105.8271402
Kim Mã,S38_1,21.0304183,105.8142027
Nguyễn Thái Học,S38_1,21.0293108,105.8400223
Lê Duẩn,S38_1,21.0141054,105.8413865
Lý Thường Kiệt,S38_1,20.9630163,105.7665612
Bà Triệu,S38_1,21.0127276,105.8483535
Lê Đại Hành,S38_1,21.0116945,105.8494932
Bạch Mai,S38_1,21.0027037,105.8516077
Minh Khai,S38_1,21.0479764,105.7448067
Tam Trinh,S38_1,20.9639031,105.8645723
Cầu Voi,S38_1,20.9514974,105.8642949
Nguyễn Tam Trinh,S38_1,,
"Mai Động (Đường vào xí nghiệp xe khách Nam, qua cầu tạm Benley, gần bãi đỗ xe Đền Lừ 2).",S38_1,,
"Mai Động (Đường vào XN buýt Thăng Long, trước cầu tạm Benley, gần bãi đỗ xe Đền Lừ 2)",S38_2,,
Nguyễn Tam Trinh,S38_2,,
Minh Khai,S38_2,21.0479764,105.7448067
Bạch Mai,S38_2,21.0027037,105.8516077
Phố Huế,S38_2,21.0175725,105.8514315
Trần Nhân Tông,S38_2,21.0171492,105.8473932
Quang Trung,S38_2,21.0208142,105.6091766
Hai Bà Trưng,S38_2,21.013109,105.8517903
Nguyễn Khuyến,S38_2,20.9767794,105.7882182
Văn Miếu,S38_2,21.0266931,105.8366113
Quốc Tử Giám,S38_2,21.0287903,105.8359533
Cát Linh,S38_2,21.0283804,105.8272765
Trịnh Hoài Đức,S38_2,21.0289387,105.8329759
Lê Trực,S38_2,21.0326568,105.8332039
Trần Phú,S38_2,20.8327858,105.6707384
Sơn Tây,S38_2,21.1410048,105.505651
Kim Mã (Bên trong tòa nhà số 1 Kim Mã),S38_2,,
Giảng Võ,S38_2,21.0276338,105.8143492
Núi Trúc,S38_2,21.0304244,105.823137
Kim Mã,S38_2,21.0304183,105.8142027
Kim Mã (đường dưới),S38_2,21.0308599,105.8166626
Đào Tấn,S38_2,21.0344665,105.8052462
Nguyễn Khánh Toàn,S38_2,21.0383475,105.8002309
Nguyễn Văn Huyên,S38_2,21.038326,105.7978038
Hoàng Quốc Việt,S38_2,21.0531725,105.7817224
Phạm Văn Đồng,S38_2,21.0654691,105.7849246
"rẽ phải ngã tư Phạm Văn Đồng, Đỗ Nhuận",S38_2,,
Đỗ Nhuận,S38_2,21.0682929,105.7874247
"Nam Thăng Long (điểm đỗ xe buýt trên đường Đỗ Nhuận, cạnh cổng công viên Hòa Bình).",S38_2,,
Công viên Nghĩa Đô,S39_1,21.0407864,105.7959977
Nguyễn Văn Huyên,S39_1,21.038326,105.7978038
Nguyễn Khánh Toàn,S39_1,21.0383475,105.8002309
Trần Đăng Ninh,S39_1,20.9646761,105.7691528
Nguyễn Phong Sắc,S39_1,21.0409593,105.7904242
Xuân Thủy,S39_1,20.9754069,105.9460249
Phạm Hùng,S39_1,21.0240285,105.7784792
Khuất Duy Tiến,S39_1,20.9972772,105.7984508
Nguyễn Trãi,S39_1,20.9727763,105.7815108
Trần Phú,S39_1,20.8327858,105.6707384
Phùng Hưng,S39_1,20.9633082,105.7964527
Cầu Tó,S39_1,20.9562415,105.8095977
Phan Trọng Tuệ,S39_1,20.9532713,105.8151645
Ngọc Hồi,S39_1,20.9233689,105.8426967
Nguyễn Bồ,S39_1,21.0481261,105.8759004
Trần Thủ Độ,S39_1,20.9611033,105.8433622
Đỗ Mười,S39_1,20.9642733,105.8641369
Bùi Huy Bích,S39_1,20.9642733,105.8641369
đường nội bộ KĐT mới Ao Sào,S39_1,,
đường ven sông Kim Ngưu,S39_1,,
Mai Động (bãi đỗ xe Đền Lừ),S39_1,,
Mai Động (bãi đỗ xe Đền Lừ),S39_2,,
đường ven sông Kim Ngưu,S39_2,,
đường nội bộ KĐT mới Ao Sào,S39_2,,
Bùi Huy Bích,S39_2,20.9642733,105.8641369
Đỗ Mười,S39_2,20.9642733,105.8641369
Trần Thủ Độ,S39_2,20.9611033,105.8433622
Nguyễn Bồ,S39_2,21.0481261,105.8759004
Ngọc Hồi,S39_2,20.9233689,105.8426967
Phan Trọng Tuệ,S39_2,20.9532713,105.8151645
Cầu Tó,S39_2,20.9562415,105.8095977
Phùng Hưng,S39_2,20.9633082,105.7964527
Trần Phú,S39_2,20.8327858,105.6707384
Nguyễn Trãi,S39_2,20.9727763,105.7815108
Khuất Duy Tiến,S39_2,20.9972772,105.7984508
Phạm Hùng,S39_2,21.0240285,105.7784792
Xuân Thủy,S39_2,20.9754069,105.9460249
Nguyễn Phong Sắc,S39_2,21.0409593,105.7904242
Trần Đăng Ninh,S39_2,20.9646761,105.7691528
Nguyễn Khánh Toàn,S39_2,21.0383475,105.8002309
Nguyễn Văn Huyên,S39_2,21.038326,105.7978038
Công viên Nghĩa Đô,S39_2,21.0407864,105.7959977
Công viên Thống Nhất,S40_1,21.0123287,105.8437898
Quang Trung,S40_1,21.0208142,105.6091766
Lý Thường Kiệt –Quán Sứ,S40_1,,
Hai Bà Trưng,S40_1,21.013109,105.8517903
Phan Chu Trinh – Tràng Tiền,S40_1,21.02414,105.8597599
Trần Khánh Dư,S40_1,21.0200801,105.8617023
Nguyễn Khoái – Cầu Vĩnh Tuy – Đường Cổ Linh,S40_1,,
Thạch Bàn,S40_1,21.0209365,105.9184009
Nguyễn Văn Linh – Nguyễn Đức Thuận – Nguyễn Bình,S40_1,,
Như Quỳnh,S40_1,21.0091961,105.9857516
Văn Lâm( Đường 5),S40_1,21.0243695,105.9309704
Văn Lâm( đường 5),S40_2,21.0243695,105.9309704
Như Quỳnh – Nguyễn Bình,S40_2,,
Nguyễn Đức Thuận,S40_2,21.0119209,105.9510315
Nguyễn Văn Linh,S40_2,21.0383968,105.8991875
Thạch Bàn – Đường Cổ Linh – Cầu Vĩnh Tuy,S40_2,,
Nguyễn Khoái,S40_2,21.0050866,105.8693687
Trần Hưng Đạo –Lê Thánh Tông,S40_2,,
Hai Bà Trưng,S40_2,21.013109,105.8517903
Ga Hà Nội,S40_2,21.0242144,105.8410943
Lê Duẩn,S40_2,21.0141054,105.8413865
Công Viên Thống Nhất,S40_2,21.0123287,105.8437898
Nam Thăng Long,S41_1,21.0658941,105.7886999
Đỗ Nhuận,S41_1,21.0682929,105.7874247
Minh Tảo,S41_1,21.0631192,105.8007228
Xuân La,S41_1,21.0606058,105.8044433
Võ Chí Công,S41_1,21.0531379,105.8052115
An Dương Vương,S41_1,21.0809298,105.8160966
Đường Âu Cơ,S41_1,20.8921645,105.7662985
Nghi Tàm,S41_1,21.0067943,105.7864181
Yên Phụ,S41_1,21.2208344,105.7344265
Yên Phụ (đường riêng cho xe buýt) Trung chuyển Long Biên – Hàng Đậu – Quán Thánh – Cửa Bắc,S41_1,,
Nguyễn Tri Phương,S41_1,21.0326052,105.8419941
Điện Biên Phủ,S41_1,21.0341251,105.8377505
Chu Văn An,S41_1,21.0431266,105.8320072
Tôn Đức Thắng,S41_1,21.0181322,105.829778
Khâm Thiên,S41_1,21.0185213,105.8389325
Lê Duẩn,S41_1,21.0141054,105.8413865
"Giải Phóng – Quay đầu tại ngã ba đuôi cá, Giải Phóng – Giải Phóng",S41_1,,
Bến xe Giáp Bát.,S41_1,20.9802359,105.8419987
Bến xe Giáp Bát,S41_2,20.9802359,105.8419987
Giải Phóng,S41_2,20.9705226,105.8409731
Lê Duẩn,S41_2,21.0141054,105.8413865
Khâm Thiên,S41_2,21.0185213,105.8389325
Tôn Đức Thắng,S41_2,21.0181322,105.829778
Chu Văn An,S41_2,21.0431266,105.8320072
Lê Hồng Phong,S41_2,21.0332913,105.838715
Hoàng Diệu – Nguyễn Biểu,S41_2,,
Quán Thánh,S41_2,20.9540708,105.7600855
Thanh Niên,S41_2,21.0212478,105.8498342
Nghi Tàm,S41_2,21.0067943,105.7864181
Âu Cơ,S41_2,20.8921645,105.7662985
An Dương Vương,S41_2,21.0809298,105.8160966
Võ Chí Công,S41_2,21.0531379,105.8052115
Xuân La,S41_2,21.0606058,105.8044433
Minh Tảo,S41_2,21.0631192,105.8007228
Hoàng Minh Thảo,S41_2,21.06247,105.8008602
Đỗ Nhuận,S41_2,21.0682929,105.7874247
Nam Thăng Long..,S41_2,21.0212478,105.8498342
Bến xe Giáp Bát (Quảng Trường Bến xe Giáp Bát) – Giải Phóng – Kim Đồng – Tân Mai,S42_1,,
Tam Trinh,S42_1,20.9639031,105.8645723
Kim Ngưu,S42_1,20.9913679,105.8628087
Lò Đúc,S42_1,21.0119284,105.8588031
Yecxanh,S42_1,,
Trần Thánh Tông,S42_1,21.0160866,105.8594204
Trần Hưng Đạo,S42_1,21.0207798,105.8439367
Trần Quang Khải,S42_1,21.0315748,105.8566532
Trần Nhật Duật,S42_1,21.0375961,105.860363
Long Biên (quay đầu trước phố Hàng Khoai),S42_1,,
Trần Nhật Duật – số 3 Trần Nhật Duật –  Cầu Chương Dương,S42_1,,
Nguyễn Văn Cừ,S42_1,21.0541322,105.8856779
Ngô Gia Tự – Cầu Đuống – Hà Huy Tập – Đặng Phúc Thông,S42_1,,
Dốc Lã –Ninh Hiệp – Phù Đổng – Trung Mầu (Gia Lâm),S42_1,,
Trung Mầu (Gia Lâm) – Phù Đổng – Ninh Hiệp – Dốc Lã – Đặng Phúc Thông,S42_2,,
Hà Huy Tập – Cầu Đuống – Ngô Gia Tự,S42_2,,
Nguyễn Văn Cừ,S42_2,21.0541322,105.8856779
Cầu Chương Dương,S42_2,21.0375961,105.860363
Trần Nhật Duật – Yên Phụ – Điểm trung chuyển Long Biên – Yên Phụ – Quay đầu tại đối diện 92 Yên Phụ – Trần Nhật Duật – Long Biên (đối diện Đội CSGT số 1 Hà Nội – số 3 Trần Nhật Duật),S42_2,,
Trần Quang Khải,S42_2,21.0315748,105.8566532
Trần Hưng Đạo,S42_2,21.0207798,105.8439367
Tăng Bạt Hổ,S42_2,21.0184037,105.8585878
Lò Đúc,S42_2,21.0119284,105.8588031
Kim Ngưu,S42_2,20.9913679,105.8628087
Tam Trinh – Tân Mai – Kim Đồng,S42_2,,
Giải Phóng – Ngã 3 Đuôi Cá,S42_2,,
Giải Phóng – Bến xe Giáp Bát (Quảng Trường Bến xe GB).,S42_2,,
Kim Mã (số 1 Kim Mã),S43_1,,
Giảng Võ,S43_1,21.0276338,105.8143492
Hào Nam,S43_1,21.0265789,105.8277109
Ô Chợ Dừa,S43_1,21.0235614,105.8267102
Khâm Thiên,S43_1,21.0185213,105.8389325
Nguyễn Thượng Hiền,S43_1,21.1410048,105.505651
Trần Bình Trọng,S43_1,21.01815,105.8438231
Trần Hưng Đạo,S43_1,21.0207798,105.8439367
Quang Trung,S43_1,21.0208142,105.6091766
Lý Thường Kiệt,S43_1,20.9630163,105.7665612
Phan Chu Trinh,S43_1,21.0208397,105.8558574
Lý Thái Tổ,S43_1,21.0296181,105.8553808
Ngô Quyền,S43_1,21.1430752,105.5005122
Hàng Vôi,S43_1,21.0301831,105.8563219
Hàng Tre,S43_1,21.0331758,105.8551416
Hàng Muối,S43_1,21.0347069,105.85475
Trần Nhật Duật,S43_1,21.0375961,105.860363
Yên Phụ,S43_1,21.2208344,105.7344265
điểm trung chuyển Long Biên,S43_1,21.0413663,105.849467
Yên Phụ,S43_1,21.2208344,105.7344265
Trần Nhật Duật,S43_1,21.0375961,105.860363
cầu Chương Dương,S43_1,21.0375961,105.860363
Nguyễn Văn Cừ,S43_1,21.0541322,105.8856779
Lý Sơn,S43_1,21.3333789,105.8346496
cầu Đông Trù,S43_1,21.0721356,105.8774005
Trường Sa,S43_1,21.1114383,105.846503
Ngã 3 Dâu Canh,S43_1,,
Quốc lộ 3,S43_1,21.1946843,105.8481713
Cao Lỗ,S43_1,,
Thị trấn Đông Anh (ngã 3 xay sát Đông Anh),S43_1,,
Thị trấn Đông Anh (ngã 3 xay sát Đông Anh),S43_2,,
Cao Lỗ,S43_2,,
Quốc lộ 3,S43_2,21.1946843,105.8481713
Ngã 3 Dâu Canh,S43_2,,
Trường Sa,S43_2,21.1114383,105.846503
cầu Đông Trù,S43_2,21.0721356,105.8774005
Lý Sơn,S43_2,21.3333789,105.8346496
Nguyễn Văn Cừ,S43_2,21.0541322,105.8856779
cầu Chương Dương,S43_2,21.0375961,105.860363
Trần Nhật Duật,S43_2,21.0375961,105.860363
điểm trung chuyển Long Biên,S43_2,21.0413663,105.849467
Nguyễn Hữu Huân,S43_2,21.0329823,105.8544642
Lý Thái Tổ,S43_2,21.0296181,105.8553808
Lý Thường Kiệt,S43_2,20.9630163,105.7665612
Lê Duẩn,S43_2,21.0141054,105.8413865
Khâm Thiên,S43_2,21.0185213,105.8389325
Hào Nam,S43_2,21.0265789,105.8277109
Kim Mã,S43_2,21.0304183,105.8142027
Bến xe Mỹ Đình,S46_1,21.0284046,105.7783143
Phạm Hùng,S46_1,21.0240285,105.7784792
quay đầu tại làng Đình Thôn,S46_1,,
Phạm Hùng,S46_1,21.0240285,105.7784792
Phạm Văn Đồng,S46_1,21.0654691,105.7849246
Cầu Thăng Long,S46_1,21.1012362,105.7867927
Đường 6 km (Vĩnh Ngọc),S46_1,21.1152893,105.8148462
Vân Trì,S46_1,21.0287537,105.8359667
Đường 5 kéo dài,S46_1,,
Đường 6 km (Vĩnh Ngọc),S46_1,21.1152893,105.8148462
Quốc lộ 3,S46_1,21.1946843,105.8481713
Đường Cổ Loa,S46_1,21.1287814,105.8665513
Thị trấn Đông Anh (Ngã ba xay sát Đông Quan).,S46_1,,
Thị trấn Đông Anh (Ngã ba xay sát Đông Quan),S46_2,,
Đường Cổ Loa,S46_2,21.1287814,105.8665513
Quốc lộ 3,S46_2,21.1946843,105.8481713
Đường 6 km (Vĩnh Ngọc),S46_2,21.1152893,105.8148462
Đường 5 kéo dài,S46_2,,
Quay đầu tại điểm mở,S46_2,,
Đường 5 kéo dài,S46_2,,
Vân trì,S46_2,21.0287537,105.8359667
Đường 6 km (Vĩnh Ngọc),S46_2,21.1152893,105.8148462
Cầu Thăng Long,S46_2,21.1012362,105.7867927
Phạm Văn Đồng,S46_2,21.0654691,105.7849246
Phạm Hùng,S46_2,21.0240285,105.7784792
Bến xe Mỹ Đình,S46_2,21.0284046,105.7783143
Long Biên,S47A_1,21.0398713,105.8500216
Yên Phụ,S47A_1,21.2208344,105.7344265
Điểm trung chuyển Long Biên,S47A_1,21.0413663,105.849467
Trần Nhật Duật,S47A_1,21.0375961,105.860363
Cầu Chương Dương,S47A_1,21.0375961,105.860363
"Đê Long Biên, Xuân Quan",S47A_1,21.0358248,105.8718119
đường Đa Tốn – đường tỉnh 379,S47A_1,,
đường nội bộ Khu đô thị Ecopark (đường Rừng Thông,S47A_1,,
quay đầu tại vòng xuyến đường Rừng Thông,S47A_1,,
Rừng Thông,S47A_1,21.0290732,105.3863088
Rừng Cọ),S47A_1,21.1842603,105.3454831
"đê Long Biên, Xuân Quan",S47A_1,21.0358248,105.8718119
"Bát Tràng (điểm đỗ xe buýt, cách cổng chợ gốm Bát Tràng 100m)",S47A_1,,
"Bát Tràng (điểm đỗ xe buýt, cách cổng chợ gốm Bát Tràng 100m)",S47A_2,,
"đê Long Biên, Xuân Quan",S47A_2,21.0358248,105.8718119
đường nội bộ Khu đô thị Ecopark (đường Rừng Cọ,S47A_2,,
Phố Trúc,S47A_2,21.0454123,105.8419005
đường Rừng Cọ,S47A_2,,
đường Rừng Thông,S47A_2,,
Quay đầu tại vòng xuyến đường Rừng Thông,S47A_2,,
Rừng Thông),S47A_2,21.0290732,105.3863088
đường tỉnh 379,S47A_2,20.9922213,105.92124
đường Đa Tốn,S47A_2,20.9831008,105.9225486
"Đê Long Biên, Xuân Quan",S47A_2,21.0358248,105.8718119
gầm cầu Chương Dương,S47A_2,20.9831008,105.9225486
Ngọc Thụy,S47A_2,21.0415891,105.865217
cầu Chương Dương,S47A_2,21.0375961,105.860363
Trần Nhật Duật,S47A_2,21.0375961,105.860363
Điểm trung chuyển Long Biên,S47A_2,21.0413663,105.849467
Yên Phụ,S47A_2,21.2208344,105.7344265
ĐH Kinh tế Quốc dân,S47B_1,20.9997459,105.8434973
Đại La,S47B_1,20.9964989,105.8469589
Giải Phóng,S47B_1,20.9705226,105.8409731
Lê Thanh Nghị,S47B_1,21.00338,105.8493399
Thanh Nhàn – Kim Ngưu – Minh Khai,S47B_1,,
Cầu Vĩnh Tuy,S47B_1,21.0132594,105.8851492
Cổ Linh,S47B_1,21.0037685,105.9259529
Thạch Bàn,S47B_1,21.0209365,105.9184009
Đê Xuân Quan – Đông Dư,S47B_1,,
Văn Đức,S47B_1,21.0285931,105.8348887
đường ĐT378,S47B_1,,
Văn Giang,S47B_1,21.0787659,105.7739707
đường ĐT179,S47B_1,,
Kiêu Kỵ,S47B_1,20.9825579,105.9564399
Kiêu Kỵ,S47B_2,20.9825579,105.9564399
đường ĐT179,S47B_2,,
Văn Giang,S47B_2,21.0787659,105.7739707
đường ĐT378,S47B_2,,
Văn Đức,S47B_2,21.0285931,105.8348887
Đông Dư,S47B_2,21.1279029,106.0951835
Đê Xuân Quan,S47B_2,21.0358248,105.8718119
Thạch Bàn,S47B_2,21.0209365,105.9184009
Cổ Linh,S47B_2,21.0037685,105.9259529
Cầu Vĩnh Tuy – Minh Khai – Kim Ngưu – Thanh Nhàn – Lê Thanh Nghị,S47B_2,,
Trần Đại Nghĩa,S47B_2,21.0063852,105.8419795
ĐH Kinh tế Quốc dân.,S47B_2,20.9997459,105.8434973
Bến xe Nước Ngầm,S48_1,20.9647577,105.8422383
Ngọc Hồi,S48_1,20.9233689,105.8426967
Đỗ Mười,S48_1,20.9642733,105.8641369
Nguyễn Khoái,S48_1,21.0050866,105.8693687
Trần Khánh Dư (đường trên),S48_1,,
Trần Quang Khải (đường trên),S48_1,,
cầu Chương Dương,S48_1,21.0375961,105.860363
Nguyễn Văn Cừ,S48_1,21.0541322,105.8856779
Ngô Gia Tự,S48_1,21.0725863,105.9065615
Trường Lâm,S48_1,21.0240746,105.9382042
Đoàn Khuê,S48_1,21.0530805,105.9067545
Vạn Hạnh,S48_1,20.9578445,105.8495556
Nguyễn Cao Luyện,S48_1,21.0680239,105.9042295
Lưu Khánh Đàm,S48_1,21.0598475,105.9116839
Phúc Lợi,S48_1,21.0422926,105.9184031
Phúc Lợi (điểm đỗ xe buýt Chung cư Ruby City),S48_1,,
Phúc Lợi (điểm đỗ xe buýt Chung cư Ruby City),S48_2,,
Phúc Lợi,S48_2,21.0422926,105.9184031
Lưu Khánh Đàm,S48_2,21.0598475,105.9116839
Nguyễn Cao Luyện,S48_2,21.0680239,105.9042295
Vạn Hạnh,S48_2,20.9578445,105.8495556
Đoàn Khuê,S48_2,21.0530805,105.9067545
Trường Lâm,S48_2,21.0240746,105.9382042
Ngô Gia Tự,S48_2,21.0725863,105.9065615
Nguyễn Văn Cừ,S48_2,21.0541322,105.8856779
cầu Chương Dương,S48_2,21.0375961,105.860363
Trần Quang Khải (đường dưới),S48_2,,
Điểm trung chuyển xe buýt Trần Khánh Dư,S48_2,,
Nguyễn Khoái,S48_2,21.0050866,105.8693687
Lĩnh Nam,S48_2,20.978794,105.8968603
Đỗ Mười,S48_2,20.9642733,105.8641369
Ngọc Hồi,S48_2,20.9233689,105.8426967
quay đầu tại ngõ 15 Ngọc Hồi,S48_2,,
Ngọc Hồi,S48_2,20.9233689,105.8426967
Bến xe Nước Ngầm,S48_2,20.9647577,105.8422383
Trần Khánh Dư (Điểm trung chuyển xe buýt Trần Khánh Dư),S49_1,,
Trần Hưng Đạo,S49_1,21.0207798,105.8439367
Lê Thánh Tông,S49_1,21.0220204,105.85776
Lý Thường Kiệt,S49_1,20.9630163,105.7665612
Lê Duẩn,S49_1,21.0141054,105.8413865
Khâm Thiên,S49_1,21.0185213,105.8389325
Ô Chợ Dừa,S49_1,21.0235614,105.8267102
La Thành,S49_1,21.020154,105.8253499
Cầu Giấy – Xuân Thủy,S49_1,21.0370638,105.7837636
Hồ Tùng Mậu,S49_1,21.0387676,105.770769
Quay đầu tại điểm mở đối diện 143 Hồ Tùng Mậu,S49_1,,
Nguyễn Cơ Thạch,S49_1,21.0314127,105.761924
Trần Hữu Dực,S49_1,21.0240285,105.7784792
đường mới (đoạn gần tòa nhà Hateco Apollo),S49_1,,
Nhổn (Điểm trung chuyển xe buýt Nhổn).,S49_1,,
Nhổn (Điểm trung chuyển xe buýt Nhổn),S49_2,,
Cầu Diễn,S49_2,21.0412207,105.7626912
Quay đầu tại điểm mở (đối diện cụm công nghiệp vừa và nhỏ Từ Liêm),S49_2,,
Cầu Diễn,S49_2,21.0412207,105.7626912
đường mới (đoạn gần tòa nhà Hateco Apollo),S49_2,,
Trần Hữu Dực,S49_2,21.0240285,105.7784792
Nguyễn Cơ Thạch,S49_2,21.0314127,105.761924
Hồ Tùng Mậu,S49_2,21.0387676,105.770769
Xuân Thủy,S49_2,20.9754069,105.9460249
Cầu Giấy,S49_2,21.0310271,105.7881335
Điểm trung chuyển Cầu Giấy,S49_2,21.0294603,105.8027634
La Thành,S49_2,21.020154,105.8253499
Thành Công,S49_2,21.0137437,105.8132213
Láng Hạ,S49_2,21.0166748,105.8104708
La Thành,S49_2,21.020154,105.8253499
Hoàng Cầu mới,S49_2,,
Xã Đàn,S49_2,20.8105226,105.7945126
Quay đầu tại đối diện Ngõ Xã Đàn 2,S49_2,,
Xã Đàn,S49_2,20.8105226,105.7945126
Khâm Thiên,S49_2,21.0185213,105.8389325
Nguyễn Thượng Hiền,S49_2,21.1410048,105.505651
Yết Kiêu,S49_2,20.9752693,105.7797051
Trần Hưng Đạo,S49_2,21.0207798,105.8439367
Quán Sứ,S49_2,10.8643598,106.7998835
Lý Thường Kiệt,S49_2,20.9630163,105.7665612
Phan Chu Trinh,S49_2,21.0208397,105.8558574
Tràng Tiền,S49_2,21.0271958,105.8565753
Trần Khánh Dư (Điểm trung chuyển xe buýt Trần Khánh Dư).,S49_2,,
Long Biên (vị trí đỗ tại đường dành riêng cho xe buýt),S50_1,,
Yên Phụ,S50_1,21.2208344,105.7344265
Trần Nhật Duật,S50_1,21.0375961,105.860363
Quay đầu tại nút giao phố Hàng Khoai,S50_1,,
Trần Nhật Duật,S50_1,21.0375961,105.860363
Yên Phụ,S50_1,21.2208344,105.7344265
Điểm trung chuyển xe buýt Long Biên,S50_1,,
Yên Phụ (đường dành riêng cho xe buýt),S50_1,,
Đường Thanh Niên,S50_1,20.9174517,105.7396556
Hùng Vương,S50_1,21.0316039,105.834098
Phan Đình Phùng,S50_1,21.0417484,105.8356303
Hoàng Diệu,S50_1,20.8638801,105.731502
Trần Phú,S50_1,20.8327858,105.6707384
Kim Mã (tòa nhà PTA số 1 Kim Mã),S50_1,,
Giảng Võ,S50_1,21.0276338,105.8143492
Núi Trúc,S50_1,21.0304244,105.823137
Kim Mã,S50_1,21.0304183,105.8142027
Liễu Giai,S50_1,21.0380016,105.8169294
Nguyễn Chí Thanh,S50_1,21.0247616,105.8111746
Trần Duy Hưng,S50_1,21.005215,105.7988957
Phạm Hùng,S50_1,21.0240285,105.7784792
"Quay đầu tại đối diện số nhà CT5 Khu đô thị Sông Đà, Mỹ Đình",S50_1,,
Phạm Hùng,S50_1,21.0240285,105.7784792
Mễ Trì,S50_1,21.0011741,105.7881499
Lê Quang Đạo,S50_1,21.0042509,105.7729733
Lê Đức Thọ,S50_1,21.0380465,105.7729903
Trần Hữu Dực,S50_1,21.0240285,105.7784792
Trịnh Văn Bô,S50_1,21.0345983,105.7518212
đường 70,S50_1,21.0080486,105.7558906
Khu đô thị Vân Canh,S50_1,21.040766,105.7221286
đường vào khu đô thị An Lạc,S50_1,,
Khu đô thị An Lạc (đối diện tòa nhà Moonlight 1),S50_1,,
Khu đô thị An Lạc (đối diện tòa nhà Moonlight 1),S50_2,,
đường vào khu đô thị An Lạc – Khu đô thị Vân Canh,S50_2,,
đường 70,S50_2,21.0080486,105.7558906
Trịnh Văn Bô,S50_2,21.0345983,105.7518212
Trần Hữu Dực,S50_2,21.0240285,105.7784792
Lê Đức Thọ,S50_2,21.0380465,105.7729903
Lê Quang Đạo,S50_2,21.0042509,105.7729733
quay đầu tại điểm mở dải phân cách trước chung cư The matrix One,S50_2,,
Lê Quang Đạo,S50_2,21.0042509,105.7729733
Mễ Trì,S50_2,21.0011741,105.7881499
Phạm Hùng,S50_2,21.0240285,105.7784792
Trần Duy Hưng,S50_2,21.005215,105.7988957
Nguyễn Chí Thanh,S50_2,21.0247616,105.8111746
Liễu Giai,S50_2,21.0380016,105.8169294
Kim Mã,S50_2,21.0304183,105.8142027
Trần Huy Liệu,S50_2,21.0293758,105.8208969
Giảng Võ,S50_2,21.0276338,105.8143492
Giang Văn Minh,S50_2,21.0340746,105.8271402
Kim Mã (bên ngoài tòa nhà PTA số 1 Kim Mã),S50_2,,
Nguyễn Thái Học,S50_2,21.0293108,105.8400223
Hoàng Diệu,S50_2,20.8638801,105.731502
Nguyễn Biểu,S50_2,21.0419394,105.8401042
Quán Thánh,S50_2,20.9540708,105.7600855
Đường Thanh Niên,S50_2,20.9174517,105.7396556
Yên Phụ (đường ngoài),S50_2,,
rẽ vào Yên Phụ (đường dành riêng cho xe buýt) tại vị trí dưới chân cầu vượt đi bộ đối diện trường Mạc Đĩnh Chi,S50_2,,
Điểm trung chuyển Long Biên,S50_2,21.0413663,105.849467
Yên Phụ,S50_2,21.2208344,105.7344265
Trần Nhật Duật,S50_2,21.0375961,105.860363
Quay đầu tại nút giao phố Hàng Khoai,S50_2,,
Trần Nhật Duật,S50_2,21.0375961,105.860363
Yên Phụ,S50_2,21.2208344,105.7344265
Quay đầu tại đối diện phố Hàng Than,S50_2,,
Yên Phụ (đường dành riêng cho xe buýt),S50_2,,
Long Biên (điểm đỗ trong đường dành riêng cho xe buýt),S50_2,,
Bến Xe Gia Lâm,S51_1,21.0485414,105.8789776
Ngô Gia Khảm,S51_1,21.0482146,105.8766036
Ngọc Lâm,S51_1,21.0507862,105.8846737
Nguyễn Văn Cừ,S51_1,21.0541322,105.8856779
Cầu Chương Dương,S51_1,21.0375961,105.860363
Trần Quang Khải,S51_1,21.0315748,105.8566532
Trần Khánh Dư (Điểm trung chuyển xe buýt Trần Khánh Dư),S51_1,,
Nguyễn Khoái,S51_1,21.0050866,105.8693687
Minh Khai,S51_1,21.0479764,105.7448067
Lạc Trung,S51_1,21.0023754,105.8648489
Thanh Nhàn,S51_1,21.0604297,105.7238736
Võ Thị Sáu,S51_1,21.0055661,105.8569535
Trần Khát Chân,S51_1,21.0083719,105.865898
Đại Cổ Việt,S51_1,21.0080355,105.8454258
Xã Đàn,S51_1,20.8105226,105.7945126
Phạm Ngọc Thạch,S51_1,21.0108831,105.8369727
Chùa Bộc,S51_1,21.0145568,105.8194727
Tây Sơn,S51_1,21.1410048,105.505651
Thái Thịnh,S51_1,21.0058574,105.8223873
Yên Lãng,S51_1,21.1709072,105.6641008
Đường Láng,S51_1,21.0288761,105.8005012
Trần Duy Hưng,S51_1,21.005215,105.7988957
Trung Hòa,S51_1,20.9072496,105.6432291
Vũ Phạm Hàm,S51_1,21.0194755,105.8002156
Trung Kính,S51_1,21.0150433,105.793436
Phạm Văn Bạch,S51_1,21.0239926,105.7896857
Trần Thái Tông,S51_1,21.0361105,105.7896035
Xuân Thủy,S51_1,20.9754069,105.9460249
Hồ Tùng Mậu,S51_1,21.0387676,105.770769
Trần Vỹ,S51_1,21.0458721,105.7736388
Trần Vỹ (Cổng Học Viện Tư Pháp).,S51_1,,
Trần Vỹ (Cổng Học Viện Tư Pháp),S51_2,,
Trần Vỹ,S51_2,21.0458721,105.7736388
Hồ Tùng Mậu,S51_2,21.0387676,105.770769
Quay đầu tại điểm mở ( đối diện cổng chính nghĩa trang Mai Dịch),S51_2,,
Hồ Tùng Mậu,S51_2,21.0387676,105.770769
Xuân Thủy,S51_2,20.9754069,105.9460249
Trần Thái Tông,S51_2,21.0361105,105.7896035
Phạm Văn Bạch,S51_2,21.0239926,105.7896857
Trung Kính,S51_2,21.0150433,105.793436
Vũ Phạm Hàm,S51_2,21.0194755,105.8002156
Trần Duy Hưng,S51_2,21.005215,105.7988957
Quay đầu tại đối diện Ngõ 83 Trần Duy Hưng,S51_2,,
Trần Duy Hưng,S51_2,21.005215,105.7988957
Đường Láng,S51_2,21.0288761,105.8005012
Yên Lãng,S51_2,21.1709072,105.6641008
Thái Thịnh,S51_2,21.0058574,105.8223873
Tây Sơn,S51_2,21.1410048,105.505651
Chùa Bộc,S51_2,21.0145568,105.8194727
Phạm Ngọc Thạch,S51_2,21.0108831,105.8369727
Xã Đàn,S51_2,20.8105226,105.7945126
Hầm Kim Liên,S51_2,21.0085227,105.8392394
Đại Cổ Việt,S51_2,21.0080355,105.8454258
Trần Khát Chân,S51_2,21.0083719,105.865898
Võ Thị Sáu,S51_2,21.0055661,105.8569535
Thanh Nhàn,S51_2,21.0604297,105.7238736
Lạc Trung,S51_2,21.0023754,105.8648489
Minh Khai,S51_2,21.0479764,105.7448067
Nguyễn Khoái,S51_2,21.0050866,105.8693687
Trần Khánh Dư,S51_2,21.0200801,105.8617023
Trần Quang Khải,S51_2,21.0315748,105.8566532
Cầu Chương Dương,S51_2,21.0375961,105.860363
Nguyễn Văn Cừ,S51_2,21.0541322,105.8856779
Nguyễn Sơn,S51_2,21.0369497,105.8989779
Ngọc Lâm,S51_2,21.0507862,105.8846737
Ngô Gia Khảm,S51_2,21.0482146,105.8766036
Bến Xe Gia Lâm,S51_2,21.0485414,105.8789776
Công viên Thống Nhất,S52_1,21.0123287,105.8437898
Trần Nhân Tông,S52_1,21.0171492,105.8473932
Bà Triệu,S52_1,21.0127276,105.8483535
Lê Đại Hành,S52_1,21.0116945,105.8494932
Bạch Mai,S52_1,21.0027037,105.8516077
Minh Khai,S52_1,21.0479764,105.7448067
cầu Mai Động,S52_1,20.9964471,105.8622119
Minh Khai,S52_1,21.0479764,105.7448067
cầu Vĩnh Tuy,S52_1,21.0132594,105.8851492
Đàm Quang Trung,S52_1,21.0282214,105.8974766
Cổ Linh,S52_1,21.0037685,105.9259529
Thạch Bàn,S52_1,21.0209365,105.9184009
Nguyễn Văn Linh,S52_1,21.0383968,105.8991875
Nguyễn Đức Thuận,S52_1,21.0119209,105.9510315
Nguyễn Bình,S52_1,,
cầu vượt Phú Thị,S52_1,21.0006943,105.9661454
Ỷ Lan,S52_1,21.0028003,105.9661675
Dương Xá,S52_1,21.0046345,105.970087
ngã tư Sủi,S52_1,,
Kim Sơn,S52_1,21.0809837,105.4555595
đường 181,S52_1,20.9768467,105.7839798
Phú Thị,S52_1,21.0127849,105.9595379
Keo,S52_1,21.0127849,105.9595379
Kim Sơn,S52_1,21.0809837,105.4555595
Lệ Chi (Gia Lâm),S52_1,,
Lệ Chi (Gia Lâm),S52_2,,
Kim Sơn,S52_2,21.0809837,105.4555595
Keo,S52_2,21.0127849,105.9595379
Phú Thị,S52_2,21.0127849,105.9595379
ngã tư Sủi,S52_2,,
Ỷ Lan,S52_2,21.0028003,105.9661675
Dương Xá,S52_2,21.0046345,105.970087
cầu vượt Phú Thị,S52_2,21.0006943,105.9661454
Nguyễn Bình,S52_2,,
Nguyễn Đức Thuận,S52_2,21.0119209,105.9510315
Nguyễn Văn Linh,S52_2,21.0383968,105.8991875
Thạch Bàn,S52_2,21.0209365,105.9184009
Cổ Linh,S52_2,21.0037685,105.9259529
Đàm Quang Trung,S52_2,21.0282214,105.8974766
cầu Vĩnh Tuy,S52_2,21.0132594,105.8851492
Minh Khai,S52_2,21.0479764,105.7448067
cầu Mai Động,S52_2,20.9964471,105.8622119
Minh Khai,S52_2,21.0479764,105.7448067
Bạch Mai,S52_2,21.0027037,105.8516077
Phố Huế,S52_2,21.0175725,105.8514315
Nguyễn Du,S52_2,21.0164548,105.8495407
Trần Bình Trọng,S52_2,21.01815,105.8438231
Trần Nhân Tông,S52_2,21.0171492,105.8473932
Công viên Thống Nhất,S52_2,21.0123287,105.8437898
Công viên Thống Nhất,S52CT_1,21.0123287,105.8437898
Trần Nhân Tông,S52CT_1,21.0171492,105.8473932
Trần Bình Trọng,S52CT_1,21.01815,105.8438231
Nguyễn Du,S52CT_1,21.0164548,105.8495407
Bà Triệu,S52CT_1,21.0127276,105.8483535
Lê Đại Hành,S52CT_1,21.0116945,105.8494932
Bạch Mai,S52CT_1,21.0027037,105.8516077
Minh Khai,S52CT_1,21.0479764,105.7448067
cầu Mai Động,S52CT_1,20.9964471,105.8622119
Minh Khai,S52CT_1,21.0479764,105.7448067
cầu Vĩnh Tuy,S52CT_1,21.0132594,105.8851492
Đàm Quang Trung,S52CT_1,21.0282214,105.8974766
Cổ Linh,S52CT_1,21.0037685,105.9259529
Thạch Bàn,S52CT_1,21.0209365,105.9184009
Nguyễn Văn Linh,S52CT_1,21.0383968,105.8991875
Nguyễn Đức Thuận,S52CT_1,21.0119209,105.9510315
Nguyễn Bình,S52CT_1,,
cầu vượt Phú Thị,S52CT_1,21.0006943,105.9661454
Ỷ Lan,S52CT_1,21.0028003,105.9661675
Dương Xá,S52CT_1,21.0046345,105.970087
ngã tư Sủi,S52CT_1,,
Kim Sơn,S52CT_1,21.0809837,105.4555595
đường 181,S52CT_1,20.9768467,105.7839798
Phú Thị,S52CT_1,21.0127849,105.9595379
Keo,S52CT_1,21.0127849,105.9595379
Kim Sơn,S52CT_1,21.0809837,105.4555595
Lệ Chi (Gia Lâm),S52CT_1,,
Lệ Chi (Gia Lâm),S52CT_2,,
Kim Sơn,S52CT_2,21.0809837,105.4555595
Keo,S52CT_2,21.0127849,105.9595379
Phú Thị,S52CT_2,21.0127849,105.9595379
ngã tư Sủi,S52CT_2,,
Ỷ Lan,S52CT_2,21.0028003,105.9661675
Dương Xá,S52CT_2,21.0046345,105.970087
cầu vượt Phú Thị,S52CT_2,21.0006943,105.9661454
Nguyễn Bình,S52CT_2,,
Nguyễn Đức Thuận,S52CT_2,21.0119209,105.9510315
Nguyễn Văn Linh,S52CT_2,21.0383968,105.8991875
Thạch Bàn,S52CT_2,21.0209365,105.9184009
Cổ Linh,S52CT_2,21.0037685,105.9259529
Đàm Quang Trung,S52CT_2,21.0282214,105.8974766
cầu Vĩnh Tuy,S52CT_2,21.0132594,105.8851492
Minh Khai,S52CT_2,21.0479764,105.7448067
cầu Mai Động,S52CT_2,20.9964471,105.8622119
Minh Khai,S52CT_2,21.0479764,105.7448067
Bạch Mai,S52CT_2,21.0027037,105.8516077
Phố Huế,S52CT_2,21.0175725,105.8514315
Nguyễn Du,S52CT_2,21.0164548,105.8495407
Trần Bình Trọng,S52CT_2,21.01815,105.8438231
Trần Nhân Tông,S52CT_2,21.0171492,105.8473932
Công viên Thống Nhất,S52CT_2,21.0123287,105.8437898
